Step,Time,Wall,ForceX,ForceY,ForceZ
0,0.,5,0.,0.,0.
1,0.05,5,1.9429,0.000174824,5.9508e-12
2,0.1,5,2.42978,0.00325662,6.1906e-12
3,0.15,5,-0.370446,0.00330659,5.88862e-12
4,0.2,5,-0.962229,0.000199921,5.78737e-12
5,0.25,5,0.951618,-3.66614e-05,6.11244e-12
6,0.3,5,0.585867,0.00219405,5.77671e-12
7,0.35,5,0.450269,0.0029389,6.37534e-12
8,0.4,5,1.7204,0.00157228,6.01474e-12
9,0.45,5,1.48032,0.000209699,6.51568e-12
10,0.5,5,0.600952,0.00103474,6.25633e-12
11,0.55,5,-0.202855,0.00274017,5.97566e-12
12,0.6,5,-0.75193,0.00221913,6.39133e-12
13,0.65,5,-0.0269044,0.000554354,5.7625e-12
14,0.7,5,0.77393,0.000722921,5.90994e-12
15,0.75,5,0.444358,0.00217247,6.23324e-12
16,0.8,5,-0.196877,0.00239052,6.3487e-12
17,0.85,5,-0.116484,0.00114956,5.90639e-12
18,0.9,5,0.40465,0.000647921,5.47118e-12
19,0.95,5,0.362958,0.00165766,5.98632e-12
20,1.,5,-0.0521127,0.00230792,6.10534e-12
21,1.05,5,0.0108231,0.00157604,6.25988e-12
22,1.1,5,0.301094,0.000847412,6.23146e-12
23,1.15,5,0.221504,0.00128725,6.05027e-12
24,1.2,5,0.0512592,0.00204826,6.61871e-12
25,1.25,5,0.143169,0.00185807,5.77316e-12
26,1.3,5,0.215301,0.001111,5.67546e-12
27,1.35,5,0.13161,0.00110488,6.1906e-12
28,1.4,5,0.132439,0.00178206,5.68967e-12
29,1.45,5,0.189262,0.00193399,6.56186e-12
30,1.5,5,0.152149,0.00136373,5.97211e-12
31,1.55,5,0.130928,0.00110382,6.8674e-12
32,1.6,5,0.174434,0.00154771,6.09113e-12
33,1.65,5,0.169377,0.00187454,5.74296e-12
34,1.7,5,0.139089,0.00155744,6.26699e-12
35,1.75,5,0.155981,0.00120031,6.47837e-12
36,1.8,5,0.169181,0.00139484,6.13554e-12
37,1.85,5,0.153662,0.00174888,6.41265e-12
38,1.9,5,0.152177,0.00166378,6.01119e-12
39,1.95,5,0.160508,0.00133485,5.85842e-12
40,2.,5,0.157781,0.00132729,6.13909e-12
41,2.05,5,0.155187,0.00161415,6.20659e-12
42,2.1,5,0.156724,0.00169172,5.8602e-12
43,2.15,5,0.156486,0.00145659,5.86375e-12
44,2.2,5,0.156118,0.00133022,5.98099e-12
45,2.25,5,0.155715,0.00150755,5.7625e-12
46,2.3,5,0.155129,0.00166209,5.69322e-12
47,2.35,5,0.155574,0.00154218,6.61693e-12
48,2.4,5,0.15502,0.00137614,6.43929e-12
49,2.45,5,0.154017,0.00144232,5.71809e-12
50,2.5,5,0.154478,0.00160517,6.31317e-12
51,2.55,5,0.154301,0.00158527,5.91172e-12
52,2.6,5,0.1532,0.0014363,5.8904e-12
53,2.65,5,0.153207,0.00141833,6.57252e-12
54,2.7,5,0.153298,0.00154561,6.0254e-12
55,2.75,5,0.15252,0.00159192,5.9508e-12
56,2.8,5,0.152146,0.00149046,6.43396e-12
57,2.85,5,0.152154,0.00142507,6.26521e-12
58,2.9,5,0.151719,0.00149925,6.00053e-12
59,2.95,5,0.151269,0.00157503,6.04672e-12
60,3.,5,0.151105,0.00152743,5.75895e-12
61,3.05,5,0.150826,0.00144902,6.19949e-12
62,3.1,5,0.150444,0.00147273,5.58131e-12
63,3.15,5,0.150187,0.00154803,5.75007e-12
64,3.2,5,0.149947,0.00154507,5.6648e-12
65,3.25,5,0.14964,0.00147806,6.66134e-12
66,3.3,5,0.149367,0.00146528,6.16751e-12
67,3.35,5,0.149129,0.00152199,6.5512e-12
68,3.4,5,0.148871,0.00154724,5.97922e-12
69,3.45,5,0.148619,0.00150386,6.54943e-12
70,3.5,5,0.148385,0.0014722,6.4091e-12
71,3.55,5,0.148152,0.00150401,5.64704e-12
72,3.6,5,0.147927,0.00154071,6.17639e-12
73,3.65,5,0.147709,0.0015228,5.87619e-12
74,3.7,5,0.147493,0.00148783,6.09468e-12
75,3.75,5,0.14729,0.00149722,6.38778e-12
76,3.8,5,0.147091,0.00153252,6.11422e-12
77,3.85,5,0.146892,0.00153516,6.24745e-12
78,3.9,5,0.146703,0.00150743,6.01474e-12
79,3.95,5,0.146521,0.00150162,6.33271e-12
80,4.,5,0.146337,0.0015282,6.28297e-12
81,4.05,5,0.14616,0.00154352,5.84777e-12
82,4.1,5,0.145989,0.00152785,5.69322e-12
83,4.15,5,0.145818,0.00151508,6.2883e-12
84,4.2,5,0.14565,0.00153069,6.29541e-12
85,4.25,5,0.145486,0.00155084,5.97211e-12
86,4.3,5,0.145324,0.00154725,6.27054e-12
87,4.35,5,0.145161,0.00153422,6.10889e-12
88,4.4,5,0.145001,0.00154012,5.85132e-12
89,4.45,5,0.144842,0.00155905,6.24922e-12
90,4.5,5,0.144682,0.00156445,6.23857e-12
91,4.55,5,0.144523,0.00155516,5.80336e-12
92,4.6,5,0.144365,0.00155432,6.23857e-12
93,4.65,5,0.144206,0.00156843,6.23146e-12
94,4.7,5,0.144047,0.00157851,6.78746e-12
95,4.75,5,0.143887,0.00157425,6.25633e-12
96,4.8,5,0.143728,0.00156989,6.23146e-12
97,4.85,5,0.143568,0.00157793,6.13731e-12
98,4.9,5,0.143408,0.00158866,5.99165e-12
99,4.95,5,0.143248,0.00158871,6.20481e-12
100,5.,5,0.143088,0.00158343,6.16573e-12
101,5.05,5,0.142928,0.00158588,5.99876e-12
102,5.1,5,0.142769,0.00159443,6.69509e-12
103,5.15,5,0.142611,0.00159711,6.42508e-12
104,5.2,5,0.142453,0.00159251,6.51923e-12
105,5.25,5,0.142297,0.00159087,6.65779e-12
106,5.3,5,0.142143,0.00159587,6.07514e-12
107,5.35,5,0.141989,0.00159934,5.85842e-12
108,5.4,5,0.141838,0.00159612,6.17106e-12
109,5.45,5,0.141689,0.00159218,6.41798e-12
110,5.5,5,0.141542,0.00159356,6.30251e-12
111,5.55,5,0.141397,0.00159641,6.29186e-12
112,5.6,5,0.141255,0.00159453,5.54223e-12
113,5.65,5,0.141115,0.00158986,6.35403e-12
114,5.7,5,0.140977,0.00158837,5.93303e-12
115,5.75,5,0.140843,0.0015898,6.64713e-12
116,5.8,5,0.14071,0.00158884,5.90106e-12
117,5.85,5,0.140581,0.00158449,6.01119e-12
118,5.9,5,0.140454,0.00158122,5.65592e-12
119,5.95,5,0.140329,0.00158102,5.48361e-12
120,6.,5,0.140207,0.00158043,6.40021e-12
121,6.05,5,0.140088,0.00157689,5.83711e-12
122,6.1,5,0.13997,0.00157286,6.24745e-12
123,6.15,5,0.139856,0.00157124,6.07869e-12
124,6.2,5,0.139743,0.00157052,6.00942e-12
125,6.25,5,0.139632,0.00156783,5.63816e-12
126,6.3,5,0.139524,0.00156382,6.08225e-12
127,6.35,5,0.139417,0.00156119,6.20304e-12
128,6.4,5,0.139312,0.00156003,6.34515e-12
129,6.45,5,0.139209,0.00155799,6.76437e-12
130,6.5,5,0.139108,0.00155442,6.24922e-12
131,6.55,5,0.139008,0.00155128,6.29541e-12
132,6.6,5,0.13891,0.00154959,6.24034e-12
133,6.65,5,0.138814,0.00154789,5.75717e-12
134,6.7,5,0.138719,0.00154492,6.06448e-12
135,6.75,5,0.138625,0.0015417,5.87086e-12
136,6.8,5,0.138533,0.00153957,6.70575e-12
137,6.85,5,0.138442,0.00153798,6.55298e-12
138,6.9,5,0.138352,0.0015356,6.19238e-12
139,6.95,5,0.138264,0.00153262,6.03251e-12
140,7.,5,0.138177,0.00153025,5.6346e-12
141,7.05,5,0.138092,0.00152864,5.83888e-12
142,7.1,5,0.138007,0.00152675,6.38778e-12
143,7.15,5,0.137924,0.0015242,6.4837e-12
144,7.2,5,0.137842,0.00152186,5.78915e-12
145,7.25,5,0.137761,0.00152023,5.76605e-12
146,7.3,5,0.137681,0.00151871,5.82112e-12
147,7.35,5,0.137602,0.00151669,6.01474e-12
148,7.4,5,0.137524,0.00151458,5.9881e-12
149,7.45,5,0.137448,0.00151302,5.97566e-12
150,7.5,5,0.137372,0.0015118,5.8975e-12
151,7.55,5,0.137298,0.00151031,6.14619e-12
152,7.6,5,0.137224,0.00150861,6.34515e-12
153,7.65,5,0.137152,0.00150724,5.86198e-12
154,7.7,5,0.13708,0.00150629,6.30429e-12
155,7.75,5,0.13701,0.00150531,6.05738e-12
156,7.8,5,0.13694,0.00150411,6.10001e-12
157,7.85,5,0.136871,0.00150304,5.95435e-12
158,7.9,5,0.136804,0.00150237,5.90106e-12
159,7.95,5,0.136737,0.00150185,5.82645e-12
160,8.,5,0.136671,0.00150118,5.90106e-12
161,8.05,5,0.136606,0.00150053,6.33094e-12
162,8.1,5,0.136542,0.00150018,5.99343e-12
163,8.15,5,0.136479,0.00150007,6.05205e-12
164,8.2,5,0.136416,0.00149992,6.31672e-12
165,8.25,5,0.136354,0.00149974,6.24567e-12
166,8.3,5,0.136293,0.00149975,6.2137e-12
167,8.35,5,0.136233,0.00150003,6.21725e-12
168,8.4,5,0.136174,0.00150036,5.88507e-12
169,8.45,5,0.136115,0.00150066,6.84963e-12
170,8.5,5,0.136058,0.00150107,5.99165e-12
171,8.55,5,0.136001,0.00150171,6.03428e-12
172,8.6,5,0.135944,0.00150249,5.96501e-12
173,8.65,5,0.135889,0.00150325,5.91349e-12
174,8.7,5,0.135834,0.00150407,6.16396e-12
175,8.75,5,0.13578,0.00150507,5.81224e-12
176,8.8,5,0.135726,0.00150623,6.00409e-12
177,8.85,5,0.135673,0.00150742,5.89573e-12
178,8.9,5,0.135621,0.00150863,6.19593e-12
179,8.95,5,0.135569,0.00150997,6.30962e-12
180,9.,5,0.135519,0.00151147,6.07514e-12
181,9.05,5,0.135468,0.00151303,6.30962e-12
182,9.1,5,0.135419,0.00151461,6.19238e-12
183,9.15,5,0.13537,0.00151627,6.51923e-12
184,9.2,5,0.135321,0.00151805,6.31317e-12
185,9.25,5,0.135273,0.00151992,5.9579e-12
186,9.3,5,0.135226,0.00152182,5.97922e-12
187,9.35,5,0.13518,0.00152375,5.95968e-12
188,9.4,5,0.135134,0.00152577,6.31672e-12
189,9.45,5,0.135088,0.00152788,6.22968e-12
190,9.5,5,0.135043,0.00153002,6.32028e-12
191,9.55,5,0.134999,0.00153217,6.96687e-12
192,9.6,5,0.134955,0.00153438,5.85842e-12
193,9.65,5,0.134912,0.00153666,6.32916e-12
194,9.7,5,0.134869,0.00153897,6.19771e-12
195,9.75,5,0.134827,0.00154127,5.99343e-12
196,9.8,5,0.134785,0.0015436,6.98464e-12
197,9.85,5,0.134744,0.00154598,6.16041e-12
198,9.9,5,0.134703,0.00154838,6.04317e-12
199,9.95,5,0.134663,0.00155077,5.65059e-12
200,10.,5,0.134623,0.00155315,6.4162e-12
201,10.05,5,0.134584,0.00155555,6.21903e-12
202,10.1,5,0.134545,0.00155796,5.99343e-12
203,10.15,5,0.134506,0.00156035,6.70752e-12
204,10.2,5,0.134468,0.00156271,6.17106e-12
205,10.25,5,0.134431,0.00156506,6.09468e-12
206,10.3,5,0.134394,0.00156739,6.48015e-12
207,10.35,5,0.134358,0.0015697,6.36824e-12
208,10.4,5,0.134321,0.00157196,6.11777e-12
209,10.45,5,0.134286,0.00157418,6.17462e-12
210,10.5,5,0.134251,0.00157636,6.23146e-12
211,10.55,5,0.134216,0.0015785,6.37712e-12
212,10.6,5,0.134181,0.00158058,6.19593e-12
213,10.65,5,0.134147,0.00158259,6.61338e-12
214,10.7,5,0.134114,0.00158455,6.12843e-12
215,10.75,5,0.13408,0.00158645,6.3558e-12
216,10.8,5,0.134048,0.00158827,6.46949e-12
217,10.85,5,0.134015,0.00159001,5.46763e-12
218,10.9,5,0.133983,0.00159166,5.83711e-12
219,10.95,5,0.133951,0.00159325,5.84421e-12
220,11.,5,0.13392,0.00159474,5.96856e-12
221,11.05,5,0.133889,0.00159614,6.17462e-12
222,11.1,5,0.133859,0.00159743,6.00586e-12
223,11.15,5,0.133828,0.00159864,5.87264e-12
224,11.2,5,0.133799,0.00159974,6.04494e-12
225,11.25,5,0.133769,0.00160074,6.13909e-12
226,11.3,5,0.13374,0.00160163,6.01297e-12
227,11.35,5,0.133711,0.0016024,5.57066e-12
228,11.4,5,0.133682,0.00160307,5.98632e-12
229,11.45,5,0.133654,0.00160362,5.58664e-12
230,11.5,5,0.133626,0.00160405,5.29532e-12
231,11.55,5,0.133599,0.00160436,6.51212e-12
232,11.6,5,0.133572,0.00160456,5.98099e-12
233,11.65,5,0.133545,0.00160463,6.3789e-12
234,11.7,5,0.133518,0.00160458,5.74474e-12
235,11.75,5,0.133492,0.0016044,6.10001e-12
236,11.8,5,0.133466,0.0016041,6.00053e-12
237,11.85,5,0.13344,0.00160368,6.00053e-12
238,11.9,5,0.133414,0.00160313,6.10356e-12
239,11.95,5,0.133389,0.00160246,5.57066e-12
240,12.,5,0.133364,0.00160167,6.10534e-12
241,12.05,5,0.13334,0.00160075,6.29363e-12
242,12.1,5,0.133315,0.00159971,6.29541e-12
243,12.15,5,0.133291,0.00159855,6.04494e-12
244,12.2,5,0.133267,0.00159727,5.82467e-12
245,12.25,5,0.133244,0.00159587,6.1533e-12
246,12.3,5,0.133221,0.00159436,6.29718e-12
247,12.35,5,0.133198,0.00159274,6.29896e-12
248,12.4,5,0.133175,0.00159101,5.6648e-12
249,12.45,5,0.133152,0.00158917,6.00942e-12
250,12.5,5,0.13313,0.00158722,6.00409e-12
251,12.55,5,0.133108,0.00158518,5.74474e-12
252,12.6,5,0.133086,0.00158304,6.30784e-12
253,12.65,5,0.133064,0.0015808,6.41798e-12
254,12.7,5,0.133043,0.00157848,6.29718e-12
255,12.75,5,0.133022,0.00157607,6.58673e-12
256,12.8,5,0.133001,0.00157358,5.85132e-12
257,12.85,5,0.13298,0.00157101,6.36291e-12
258,12.9,5,0.13296,0.00156838,6.23324e-12
259,12.95,5,0.13294,0.00156567,6.08935e-12
260,13.,5,0.13292,0.00156291,6.56364e-12
261,13.05,5,0.1329,0.00156009,6.46949e-12
262,13.1,5,0.13288,0.00155722,6.08225e-12
263,13.15,5,0.132861,0.00155431,5.93836e-12
264,13.2,5,0.132842,0.00155136,5.88685e-12
265,13.25,5,0.132823,0.00154838,6.22435e-12
266,13.3,5,0.132804,0.00154538,5.62927e-12
267,13.35,5,0.132785,0.00154235,5.83178e-12
268,13.4,5,0.132767,0.00153931,5.68079e-12
269,13.45,5,0.132748,0.00153626,6.28475e-12
270,13.5,5,0.13273,0.00153321,6.22791e-12
271,13.55,5,0.132713,0.00153017,6.30429e-12
272,13.6,5,0.132695,0.00152715,5.93836e-12
273,13.65,5,0.132677,0.00152414,6.11067e-12
274,13.7,5,0.13266,0.00152115,6.12665e-12
275,13.75,5,0.132643,0.0015182,6.42153e-12
276,13.8,5,0.132626,0.00151529,5.93303e-12
277,13.85,5,0.132609,0.00151243,6.04672e-12
278,13.9,5,0.132592,0.00150962,5.93303e-12
279,13.95,5,0.132576,0.00150686,6.35225e-12
280,14.,5,0.13256,0.00150418,6.37179e-12
281,14.05,5,0.132543,0.00150156,6.20304e-12
282,14.1,5,0.132527,0.00149903,5.78737e-12
283,14.15,5,0.132512,0.00149657,6.43929e-12
284,14.2,5,0.132496,0.00149421,5.98632e-12
285,14.25,5,0.13248,0.00149194,6.16929e-12
286,14.3,5,0.132465,0.00148978,6.13376e-12
287,14.35,5,0.13245,0.00148772,6.03251e-12
288,14.4,5,0.132435,0.00148578,6.26343e-12
289,14.45,5,0.13242,0.00148396,6.01119e-12
290,14.5,5,0.132405,0.00148226,5.86198e-12
291,14.55,5,0.13239,0.00148068,6.10001e-12
292,14.6,5,0.132376,0.00147924,5.67368e-12
293,14.65,5,0.132362,0.00147794,6.5814e-12
294,14.7,5,0.132347,0.00147678,6.35403e-12
295,14.75,5,0.132333,0.00147577,6.1231e-12
296,14.8,5,0.132319,0.0014749,6.13376e-12
297,14.85,5,0.132305,0.00147419,5.84777e-12
298,14.9,5,0.132292,0.00147363,6.34159e-12
299,14.95,5,0.132278,0.00147323,6.14619e-12
300,15.,5,0.132265,0.00147299,5.79092e-12
301,15.05,5,0.132252,0.00147291,6.23501e-12
302,15.1,5,0.132238,0.001473,6.57074e-12
303,15.15,5,0.132225,0.00147325,5.5973e-12
304,15.2,5,0.132212,0.00147367,6.3185e-12
305,15.25,5,0.1322,0.00147426,6.23679e-12
306,15.3,5,0.132187,0.00147501,6.24567e-12
307,15.35,5,0.132174,0.00147594,5.94014e-12
308,15.4,5,0.132162,0.00147703,6.05382e-12
309,15.45,5,0.132149,0.00147829,6.41442e-12
310,15.5,5,0.132137,0.00147972,6.4162e-12
311,15.55,5,0.132125,0.00148131,5.80158e-12
312,15.6,5,0.132113,0.00148306,6.25455e-12
313,15.65,5,0.132101,0.00148498,5.92415e-12
314,15.7,5,0.132089,0.00148706,6.10534e-12
315,15.75,5,0.132078,0.00148929,6.33094e-12
316,15.8,5,0.132066,0.00149167,6.2883e-12
317,15.85,5,0.132055,0.00149421,5.78737e-12
318,15.9,5,0.132043,0.00149689,6.16218e-12
319,15.95,5,0.132032,0.00149971,5.92593e-12
320,16.,5,0.132021,0.00150267,5.94724e-12
321,16.05,5,0.13201,0.00150576,5.93303e-12
322,16.1,5,0.131999,0.00150897,6.49614e-12
323,16.15,5,0.131988,0.00151231,6.10179e-12
324,16.2,5,0.131977,0.00151576,6.37712e-12
325,16.25,5,0.131966,0.00151933,5.98988e-12
326,16.3,5,0.131956,0.00152299,6.11777e-12
327,16.35,5,0.131945,0.00152675,5.97744e-12
328,16.4,5,0.131935,0.00153061,6.26699e-12
329,16.45,5,0.131924,0.00153454,6.10179e-12
330,16.5,5,0.131914,0.00153854,6.26343e-12
331,16.55,5,0.131904,0.00154262,5.68079e-12
332,16.6,5,0.131894,0.00154675,6.22258e-12
333,16.65,5,0.131884,0.00155093,6.29541e-12
334,16.7,5,0.131874,0.00155515,6.25633e-12
335,16.75,5,0.131864,0.00155941,6.52634e-12
336,16.8,5,0.131854,0.00156369,6.63114e-12
337,16.85,5,0.131845,0.00156799,6.3487e-12
338,16.9,5,0.131835,0.00157229,6.42686e-12
339,16.95,5,0.131826,0.00157659,6.40377e-12
340,17.,5,0.131816,0.00158088,5.93126e-12
341,17.05,5,0.131807,0.00158515,6.44995e-12
342,17.1,5,0.131798,0.00158939,5.85487e-12
343,17.15,5,0.131789,0.00159359,6.52811e-12
344,17.2,5,0.13178,0.00159774,5.98632e-12
345,17.25,5,0.131771,0.00160183,6.84963e-12
346,17.3,5,0.131762,0.00160585,6.30251e-12
347,17.35,5,0.131753,0.00160979,6.0254e-12
348,17.4,5,0.131744,0.00161365,6.0858e-12
349,17.45,5,0.131735,0.00161741,5.78382e-12
350,17.5,5,0.131727,0.00162107,5.85842e-12
351,17.55,5,0.131718,0.00162461,6.49436e-12
352,17.6,5,0.131709,0.00162803,6.17639e-12
353,17.65,5,0.131701,0.00163132,5.9952e-12
354,17.7,5,0.131693,0.00163446,6.68443e-12
355,17.75,5,0.131684,0.00163746,6.3558e-12
356,17.8,5,0.131676,0.00164031,5.86198e-12
357,17.85,5,0.131668,0.00164298,6.17284e-12
358,17.9,5,0.13166,0.00164549,5.39835e-12
359,17.95,5,0.131652,0.00164781,6.45528e-12
360,18.,5,0.131644,0.00164995,5.93481e-12
361,18.05,5,0.131636,0.0016519,5.67368e-12
362,18.1,5,0.131628,0.00165365,7.03615e-12
363,18.15,5,0.13162,0.00165519,5.74119e-12
364,18.2,5,0.131613,0.00165652,6.56541e-12
365,18.25,5,0.131605,0.00165763,6.23857e-12
366,18.3,5,0.131597,0.00165852,6.24034e-12
367,18.35,5,0.13159,0.00165919,6.12133e-12
368,18.4,5,0.131582,0.00165962,6.68443e-12
369,18.45,5,0.131575,0.00165982,6.08047e-12
370,18.5,5,0.131567,0.00165979,6.23501e-12
371,18.55,5,0.13156,0.00165951,6.13554e-12
372,18.6,5,0.131553,0.00165899,5.99165e-12
373,18.65,5,0.131546,0.00165823,5.83e-12
374,18.7,5,0.131539,0.00165723,6.386e-12
375,18.75,5,0.131532,0.00165597,6.03606e-12
376,18.8,5,0.131524,0.00165448,6.30607e-12
377,18.85,5,0.131518,0.00165273,6.10356e-12
378,18.9,5,0.131511,0.00165075,6.8141e-12
379,18.95,5,0.131504,0.00164851,6.25633e-12
380,19.,5,0.131497,0.00164604,6.17462e-12
381,19.05,5,0.13149,0.00164333,5.86553e-12
382,19.1,5,0.131483,0.00164038,6.67377e-12
383,19.15,5,0.131477,0.0016372,6.33094e-12
384,19.2,5,0.13147,0.00163379,6.43752e-12
385,19.25,5,0.131464,0.00163015,5.69322e-12
386,19.3,5,0.131457,0.0016263,6.23679e-12
387,19.35,5,0.131451,0.00162223,6.3114e-12
388,19.4,5,0.131444,0.00161796,6.00942e-12
389,19.45,5,0.131438,0.00161348,5.91527e-12
390,19.5,5,0.131432,0.00160881,6.26166e-12
391,19.55,5,0.131425,0.00160396,5.92237e-12
392,19.6,5,0.131419,0.00159893,5.92593e-12
393,19.65,5,0.131413,0.00159372,6.50147e-12
394,19.7,5,0.131407,0.00158836,6.2208e-12
395,19.75,5,0.131401,0.00158284,5.67013e-12
396,19.8,5,0.131395,0.00157719,5.9508e-12
397,19.85,5,0.131389,0.0015714,5.31664e-12
398,19.9,5,0.131383,0.0015655,6.39488e-12
399,19.95,5,0.131377,0.00155948,6.00586e-12
400,20.,5,0.131371,0.00155337,6.18883e-12
401,20.05,5,0.131365,0.00154717,6.56364e-12
402,20.1,5,0.131359,0.0015409,6.33982e-12
403,20.15,5,0.131354,0.00153457,6.19593e-12
404,20.2,5,0.131348,0.00152819,5.90106e-12
405,20.25,5,0.131342,0.00152178,6.65779e-12
406,20.3,5,0.131337,0.00151535,5.94724e-12
407,20.35,5,0.131331,0.0015089,6.29541e-12
408,20.4,5,0.131326,0.00150246,6.21192e-12
409,20.45,5,0.13132,0.00149605,6.43396e-12
410,20.5,5,0.131315,0.00148966,6.86917e-12
411,20.55,5,0.131309,0.00148332,6.32738e-12
412,20.6,5,0.131304,0.00147705,5.9277e-12
413,20.65,5,0.131299,0.00147085,6.19771e-12
414,20.7,5,0.131293,0.00146474,5.81579e-12
415,20.75,5,0.131288,0.00145873,6.43396e-12
416,20.8,5,0.131283,0.00145284,6.24745e-12
417,20.85,5,0.131278,0.00144708,5.96856e-12
418,20.9,5,0.131272,0.00144147,6.31672e-12
419,20.95,5,0.131267,0.00143603,5.75184e-12
420,21.,5,0.131262,0.00143075,6.37712e-12
421,21.05,5,0.131257,0.00142566,5.74474e-12
422,21.1,5,0.131252,0.00142077,6.02896e-12
423,21.15,5,0.131247,0.0014161,6.29896e-12
424,21.2,5,0.131242,0.00141165,6.11955e-12
425,21.25,5,0.131237,0.00140744,6.13554e-12
426,21.3,5,0.131233,0.00140349,6.88516e-12
427,21.35,5,0.131228,0.00139979,6.19238e-12
428,21.4,5,0.131223,0.00139637,5.58309e-12
429,21.45,5,0.131218,0.00139323,5.94369e-12
430,21.5,5,0.131214,0.00139039,6.24212e-12
431,21.55,5,0.131209,0.00138785,6.05027e-12
432,21.6,5,0.131204,0.00138563,6.72173e-12
433,21.65,5,0.1312,0.00138373,5.69322e-12
434,21.7,5,0.131195,0.00138216,6.20126e-12
435,21.75,5,0.13119,0.00138094,6.25633e-12
436,21.8,5,0.131186,0.00138005,6.43574e-12
437,21.85,5,0.131181,0.00137952,6.19238e-12
438,21.9,5,0.131177,0.00137935,6.27587e-12
439,21.95,5,0.131173,0.00137955,5.72342e-12
440,22.,5,0.131168,0.00138011,6.26343e-12
441,22.05,5,0.131164,0.00138104,5.83711e-12
442,22.1,5,0.131159,0.00138235,6.56364e-12
443,22.15,5,0.131155,0.00138403,5.9508e-12
444,22.2,5,0.131151,0.00138609,6.32028e-12
445,22.25,5,0.131147,0.00138853,6.25633e-12
446,22.3,5,0.131142,0.00139135,6.32738e-12
447,22.35,5,0.131138,0.00139455,6.17284e-12
448,22.4,5,0.131134,0.00139812,6.26876e-12
449,22.45,5,0.13113,0.00140206,5.98632e-12
450,22.5,5,0.131126,0.00140638,5.92415e-12
451,22.55,5,0.131122,0.00141106,5.64171e-12
452,22.6,5,0.131118,0.0014161,6.57252e-12
453,22.65,5,0.131114,0.0014215,6.34159e-12
454,22.7,5,0.13111,0.00142724,5.81046e-12
455,22.75,5,0.131106,0.00143332,6.22435e-12
456,22.8,5,0.131102,0.00143974,6.03428e-12
457,22.85,5,0.131098,0.00144648,6.30607e-12
458,22.9,5,0.131094,0.00145353,6.10001e-12
459,22.95,5,0.13109,0.00146088,5.75007e-12
460,23.,5,0.131086,0.00146853,6.35048e-12
461,23.05,5,0.131082,0.00147645,6.07159e-12
462,23.1,5,0.131079,0.00148464,6.00942e-12
463,23.15,5,0.131075,0.00149307,6.17106e-12
464,23.2,5,0.131071,0.00150175,6.21903e-12
465,23.25,5,0.131068,0.00151064,6.23679e-12
466,23.3,5,0.131064,0.00151975,6.0485e-12
467,23.35,5,0.13106,0.00152904,6.22258e-12
468,23.4,5,0.131057,0.0015385,6.04494e-12
469,23.45,5,0.131053,0.00154812,5.82467e-12
470,23.5,5,0.131049,0.00155787,6.11067e-12
471,23.55,5,0.131046,0.00156774,5.97211e-12
472,23.6,5,0.131042,0.0015777,6.16751e-12
473,23.65,5,0.131039,0.00158775,6.16041e-12
474,23.7,5,0.131035,0.00159785,6.78213e-12
475,23.75,5,0.131032,0.00160799,6.34515e-12
476,23.8,5,0.131028,0.00161815,6.09646e-12
477,23.85,5,0.131025,0.0016283,6.02896e-12
478,23.9,5,0.131022,0.00163842,6.04494e-12
479,23.95,5,0.131018,0.0016485,6.19238e-12
480,24.,5,0.131015,0.0016585,5.81935e-12
481,24.05,5,0.131012,0.00166841,6.03784e-12
482,24.1,5,0.131008,0.00167821,6.22258e-12
483,24.15,5,0.131005,0.00168787,6.2208e-12
484,24.2,5,0.131002,0.00169736,5.49605e-12
485,24.25,5,0.130999,0.00170668,6.27054e-12
486,24.3,5,0.130995,0.00171579,5.57066e-12
487,24.35,5,0.130992,0.00172468,6.29896e-12
488,24.4,5,0.130989,0.00173332,5.8904e-12
489,24.45,5,0.130986,0.00174169,6.71108e-12
490,24.5,5,0.130983,0.00174976,5.98099e-12
491,24.55,5,0.13098,0.00175753,6.71641e-12
492,24.6,5,0.130977,0.00176496,6.36469e-12
493,24.65,5,0.130974,0.00177204,6.10889e-12
494,24.7,5,0.13097,0.00177874,5.88862e-12
495,24.75,5,0.130967,0.00178505,6.11955e-12
496,24.8,5,0.130964,0.00179095,6.60094e-12
497,24.85,5,0.130962,0.00179643,6.36113e-12
498,24.9,5,0.130959,0.00180145,5.68612e-12
499,24.95,5,0.130956,0.00180601,6.5512e-12
500,25.,5,0.130953,0.00181009,5.52802e-12
501,25.05,5,0.13095,0.00181368,6.36113e-12
502,25.1,5,0.130947,0.00181676,5.93658e-12
503,25.15,5,0.130944,0.00181931,5.86553e-12
504,25.2,5,0.130941,0.00182133,6.05027e-12
505,25.25,5,0.130938,0.0018228,6.5814e-12
506,25.3,5,0.130936,0.00182372,5.7554e-12
507,25.35,5,0.130933,0.00182406,6.03961e-12
508,25.4,5,0.13093,0.00182383,6.25988e-12
509,25.45,5,0.130927,0.00182302,6.22258e-12
510,25.5,5,0.130925,0.00182162,6.88161e-12
511,25.55,5,0.130922,0.00181962,6.4091e-12
512,25.6,5,0.130919,0.00181702,6.76437e-12
513,25.65,5,0.130917,0.00181382,6.4162e-12
514,25.7,5,0.130914,0.00181002,6.39133e-12
515,25.75,5,0.130911,0.00180561,6.37357e-12
516,25.8,5,0.130909,0.0018006,6.37002e-12
517,25.85,5,0.130906,0.00179499,6.19238e-12
518,25.9,5,0.130904,0.00178878,6.26166e-12
519,25.95,5,0.130901,0.00178198,5.80869e-12
520,26.,5,0.130899,0.00177459,6.36469e-12
521,26.05,5,0.130896,0.00176663,5.83711e-12
522,26.1,5,0.130893,0.00175809,6.03073e-12
523,26.15,5,0.130891,0.001749,6.27232e-12
524,26.2,5,0.130889,0.00173935,6.41975e-12
525,26.25,5,0.130886,0.00172917,5.695e-12
526,26.3,5,0.130884,0.00171847,6.1906e-12
527,26.35,5,0.130881,0.00170726,5.94724e-12
528,26.4,5,0.130879,0.00169556,5.8229e-12
529,26.45,5,0.130876,0.00168338,5.86908e-12
530,26.5,5,0.130874,0.00167076,6.17106e-12
531,26.55,5,0.130872,0.0016577,6.03428e-12
532,26.6,5,0.130869,0.00164423,6.32738e-12
533,26.65,5,0.130867,0.00163037,6.2812e-12
534,26.7,5,0.130865,0.00161615,6.25455e-12
535,26.75,5,0.130862,0.00160158,6.59561e-12
536,26.8,5,0.13086,0.0015867,5.80869e-12
537,26.85,5,0.130858,0.00157154,5.59019e-12
538,26.9,5,0.130856,0.00155611,5.88862e-12
539,26.95,5,0.130853,0.00154046,6.16041e-12
540,27.,5,0.130851,0.0015246,5.88507e-12
541,27.05,5,0.130849,0.00150857,6.27054e-12
542,27.1,5,0.130847,0.00149241,5.69145e-12
543,27.15,5,0.130845,0.00147614,5.68434e-12
544,27.2,5,0.130843,0.00145979,6.12488e-12
545,27.25,5,0.13084,0.00144341,6.21014e-12
546,27.3,5,0.130838,0.00142701,6.1906e-12
547,27.35,5,0.130836,0.00141065,6.0485e-12
548,27.4,5,0.130834,0.00139435,6.49081e-12
549,27.45,5,0.130832,0.00137815,6.16573e-12
550,27.5,5,0.13083,0.00136208,6.04317e-12
551,27.55,5,0.130828,0.00134618,6.19771e-12
552,27.6,5,0.130826,0.00133049,6.24212e-12
553,27.65,5,0.130824,0.00131503,6.40199e-12
554,27.7,5,0.130822,0.00129986,6.39488e-12
555,27.75,5,0.13082,0.001285,5.87974e-12
556,27.8,5,0.130818,0.00127049,6.23146e-12
557,27.85,5,0.130816,0.00125636,5.84599e-12
558,27.9,5,0.130814,0.00124265,6.19593e-12
559,27.95,5,0.130813,0.0012294,6.27232e-12
560,28.,5,0.130811,0.00121664,6.36824e-12
561,28.05,5,0.130809,0.0012044,6.70219e-12
562,28.1,5,0.130807,0.00119271,6.11067e-12
563,28.15,5,0.130805,0.00118162,5.77671e-12
564,28.2,5,0.130803,0.00117114,6.42864e-12
565,28.25,5,0.130802,0.00116132,5.3948e-12
566,28.3,5,0.1308,0.00115217,6.41442e-12
567,28.35,5,0.130798,0.00114374,5.81402e-12
568,28.4,5,0.130796,0.00113605,6.20126e-12
569,28.45,5,0.130795,0.00112912,6.13021e-12
570,28.5,5,0.130793,0.00112298,6.36291e-12
571,28.55,5,0.130791,0.00111765,6.4091e-12
572,28.6,5,0.130789,0.00111317,6.43219e-12
573,28.65,5,0.130788,0.00110954,5.80513e-12
574,28.7,5,0.130786,0.00110679,6.43396e-12
575,28.75,5,0.130784,0.00110494,6.01652e-12
576,28.8,5,0.130783,0.001104,6.23501e-12
577,28.85,5,0.130781,0.00110399,6.17462e-12
578,28.9,5,0.13078,0.00110492,5.88862e-12
579,28.95,5,0.130778,0.00110681,6.00586e-12
580,29.,5,0.130776,0.00110965,6.32383e-12
581,29.05,5,0.130775,0.00111347,6.35225e-12
582,29.1,5,0.130773,0.00111827,6.2137e-12
583,29.15,5,0.130772,0.00112405,6.36113e-12
584,29.2,5,0.13077,0.00113081,6.14619e-12
585,29.25,5,0.130769,0.00113856,5.81935e-12
586,29.3,5,0.130767,0.00114728,5.84244e-12
587,29.35,5,0.130766,0.00115698,6.30962e-12
588,29.4,5,0.130764,0.00116765,6.0858e-12
589,29.45,5,0.130763,0.00117929,6.12843e-12
590,29.5,5,0.130761,0.00119187,6.43929e-12
591,29.55,5,0.13076,0.00120539,6.32205e-12
592,29.6,5,0.130759,0.00121984,5.83178e-12
593,29.65,5,0.130757,0.00123519,6.0556e-12
594,29.7,5,0.130756,0.00125142,5.72165e-12
595,29.75,5,0.130754,0.00126853,5.90106e-12
596,29.8,5,0.130753,0.00128647,6.06803e-12
597,29.85,5,0.130752,0.00130524,6.32383e-12
598,29.9,5,0.13075,0.00132479,6.4091e-12
599,29.95,5,0.130749,0.0013451,5.66303e-12
600,30.,5,0.130748,0.00136613,5.69145e-12
601,30.05,5,0.130746,0.00138786,5.28999e-12
602,30.1,5,0.130745,0.00141025,6.35048e-12
603,30.15,5,0.130744,0.00143326,6.12665e-12
604,30.2,5,0.130743,0.00145686,6.34159e-12
605,30.25,5,0.130741,0.00148099,6.54587e-12
606,30.3,5,0.13074,0.00150561,6.40021e-12
607,30.35,5,0.130739,0.0015307,5.94369e-12
608,30.4,5,0.130738,0.00155618,6.59384e-12
609,30.45,5,0.130736,0.00158203,6.02718e-12
610,30.5,5,0.130735,0.00160819,6.10001e-12
611,30.55,5,0.130734,0.0016346,6.30962e-12
612,30.6,5,0.130733,0.00166123,5.96678e-12
613,30.65,5,0.130732,0.00168801,6.77858e-12
614,30.7,5,0.130731,0.00171489,6.15152e-12
615,30.75,5,0.13073,0.00174181,6.5139e-12
616,30.8,5,0.130729,0.00176873,6.16218e-12
617,30.85,5,0.130728,0.00179558,6.07336e-12
618,30.9,5,0.130726,0.0018223,6.6116e-12
619,30.95,5,0.130725,0.00184885,6.50502e-12
620,31.,5,0.130724,0.00187515,5.9881e-12
621,31.05,5,0.130723,0.00190116,6.33449e-12
622,31.1,5,0.130723,0.0019268,5.93658e-12
623,31.15,5,0.130722,0.00195204,5.87441e-12
624,31.2,5,0.130721,0.00197679,5.90106e-12
625,31.25,5,0.13072,0.00200101,6.22968e-12
626,31.3,5,0.130719,0.00202464,6.37712e-12
627,31.35,5,0.130718,0.00204762,6.40732e-12
628,31.4,5,0.130717,0.00206989,6.59739e-12
629,31.45,5,0.130716,0.00209139,6.21725e-12
630,31.5,5,0.130715,0.00211207,5.9579e-12
631,31.55,5,0.130715,0.00213188,5.96501e-12
632,31.6,5,0.130714,0.00215075,6.30784e-12
633,31.65,5,0.130713,0.00216864,6.10711e-12
634,31.7,5,0.130712,0.00218549,6.0929e-12
635,31.75,5,0.130712,0.00220126,6.28297e-12
636,31.8,5,0.130711,0.00221589,5.99698e-12
637,31.85,5,0.13071,0.00222933,6.06448e-12
638,31.9,5,0.130709,0.00224155,6.05915e-12
639,31.95,5,0.130709,0.0022525,6.36469e-12
640,32.,5,0.130708,0.00226213,6.1906e-12
641,32.05,5,0.130707,0.00227041,5.88685e-12
642,32.1,5,0.130707,0.0022773,6.39311e-12
643,32.15,5,0.130706,0.00228277,5.81224e-12
644,32.2,5,0.130706,0.00228678,5.75717e-12
645,32.25,5,0.130705,0.00228931,5.9881e-12
646,32.3,5,0.130705,0.00229032,5.84066e-12
647,32.35,5,0.130704,0.00228979,5.67546e-12
648,32.4,5,0.130703,0.00228771,5.55289e-12
649,32.45,5,0.130703,0.00228405,6.13554e-12
650,32.5,5,0.130702,0.00227879,6.40554e-12
651,32.55,5,0.130702,0.00227193,6.43041e-12
652,32.6,5,0.130701,0.00226346,6.02718e-12
653,32.65,5,0.130701,0.00225337,6.2137e-12
654,32.7,5,0.1307,0.00224166,5.87796e-12
655,32.75,5,0.1307,0.00222833,6.1533e-12
656,32.8,5,0.1307,0.00221338,6.33982e-12
657,32.85,5,0.130699,0.00219682,6.3185e-12
658,32.9,5,0.130699,0.00217866,6.25633e-12
659,32.95,5,0.130698,0.00215892,6.54055e-12
660,33.,5,0.130698,0.00213762,6.70397e-12
661,33.05,5,0.130698,0.00211477,5.85842e-12
662,33.1,5,0.130697,0.00209041,6.251e-12
663,33.15,5,0.130697,0.00206456,5.9206e-12
664,33.2,5,0.130697,0.00203725,6.01474e-12
665,33.25,5,0.130696,0.00200852,6.16396e-12
666,33.3,5,0.130696,0.00197841,6.14975e-12
667,33.35,5,0.130696,0.00194696,5.74829e-12
668,33.4,5,0.130696,0.00191422,6.18705e-12
669,33.45,5,0.130695,0.00188024,6.06448e-12
670,33.5,5,0.130695,0.00184507,5.92415e-12
671,33.55,5,0.130695,0.00180876,5.96145e-12
672,33.6,5,0.130695,0.00177139,5.80158e-12
673,33.65,5,0.130695,0.001733,6.17106e-12
674,33.7,5,0.130695,0.00169367,5.98277e-12
675,33.75,5,0.130694,0.00165346,6.20659e-12
676,33.8,5,0.130694,0.00161244,6.15863e-12
677,33.85,5,0.130694,0.0015707,6.13198e-12
678,33.9,5,0.130694,0.0015283,6.27765e-12
679,33.95,5,0.130694,0.00148533,6.09468e-12
680,34.,5,0.130694,0.00144187,6.49614e-12
681,34.05,5,0.130694,0.00139799,6.23857e-12
682,34.1,5,0.130694,0.00135379,5.81579e-12
683,34.15,5,0.130695,0.00130936,6.23857e-12
684,34.2,5,0.130695,0.00126478,6.01652e-12
685,34.25,5,0.130695,0.00122015,6.2812e-12
686,34.3,5,0.130695,0.00117556,6.14975e-12
687,34.35,5,0.130695,0.0011311,6.53344e-12
688,34.4,5,0.130696,0.00108687,6.19949e-12
689,34.45,5,0.130696,0.00104296,5.88507e-12
690,34.5,5,0.130696,0.000999472,6.23679e-12
691,34.55,5,0.130697,0.000956503,5.78737e-12
692,34.6,5,0.130697,0.000914151,5.86375e-12
693,34.65,5,0.130698,0.000872512,6.39488e-12
694,34.7,5,0.130698,0.000831686,6.26699e-12
695,34.75,5,0.130699,0.000791769,5.88329e-12
696,34.8,5,0.130699,0.000752859,6.07514e-12
697,34.85,5,0.1307,0.000715052,6.30962e-12
698,34.9,5,0.130701,0.000678443,6.40732e-12
699,34.95,5,0.130701,0.000643128,5.68434e-12
700,35.,5,0.130702,0.0006092,6.27942e-12
701,35.05,5,0.130703,0.000576749,6.49791e-12
702,35.1,5,0.130704,0.000545867,6.68443e-12
703,35.15,5,0.130705,0.00051664,6.55476e-12
704,35.2,5,0.130705,0.000489156,6.59384e-12
705,35.25,5,0.130706,0.000463497,6.02007e-12
706,35.3,5,0.130707,0.000439744,6.51745e-12
707,35.35,5,0.130708,0.000417975,5.85132e-12
708,35.4,5,0.130709,0.000398265,6.10356e-12
709,35.45,5,0.13071,0.000380686,6.25455e-12
710,35.5,5,0.130712,0.000365307,6.14619e-12
711,35.55,5,0.130713,0.000352192,6.17462e-12
712,35.6,5,0.130714,0.000341403,6.2137e-12
713,35.65,5,0.130715,0.000332997,5.60618e-12
714,35.7,5,0.130716,0.000327026,6.30074e-12
715,35.75,5,0.130718,0.000323539,6.14619e-12
716,35.8,5,0.130719,0.00032258,6.52989e-12
717,35.85,5,0.13072,0.00032419,6.01474e-12
718,35.9,5,0.130722,0.000328401,5.76073e-12
719,35.95,5,0.130723,0.000335246,6.02896e-12
720,36.,5,0.130724,0.000344747,6.44995e-12
721,36.05,5,0.130726,0.000356925,6.19238e-12
722,36.1,5,0.130727,0.000371794,6.12488e-12
723,36.15,5,0.130729,0.000389362,6.49081e-12
724,36.2,5,0.13073,0.000409634,6.27942e-12
725,36.25,5,0.130732,0.000432605,5.95435e-12
726,36.3,5,0.130733,0.000458269,5.85487e-12
727,36.35,5,0.130735,0.000486611,6.77502e-12
728,36.4,5,0.130736,0.000517612,6.35758e-12
729,36.45,5,0.130738,0.000551246,6.16751e-12
730,36.5,5,0.13074,0.000587481,6.04317e-12
731,36.55,5,0.130741,0.000626281,6.20304e-12
732,36.6,5,0.130743,0.000667601,6.07514e-12
733,36.65,5,0.130745,0.000711393,6.48015e-12
734,36.7,5,0.130746,0.000757602,6.92779e-12
735,36.75,5,0.130748,0.000806166,6.27054e-12
736,36.8,5,0.13075,0.000857017,6.05382e-12
737,36.85,5,0.130752,0.000910084,6.27765e-12
738,36.9,5,0.130754,0.000965288,6.65246e-12
739,36.95,5,0.130755,0.00102255,6.55653e-12
740,37.,5,0.130757,0.00108176,5.80869e-12
741,37.05,5,0.130759,0.00114285,6.29896e-12
742,37.1,5,0.130761,0.00120571,6.16041e-12
743,37.15,5,0.130763,0.00127022,6.39133e-12
744,37.2,5,0.130765,0.00133629,5.41434e-12
745,37.25,5,0.130768,0.00140378,6.29186e-12
746,37.3,5,0.13077,0.0014726,6.18883e-12
747,37.35,5,0.130772,0.0015426,6.33271e-12
748,37.4,5,0.130774,0.00161366,5.91704e-12
749,37.45,5,0.130777,0.00168564,6.22435e-12
750,37.5,5,0.130779,0.00175842,5.97211e-12
751,37.55,5,0.130781,0.00183183,6.61515e-12
752,37.6,5,0.130784,0.00190575,6.60627e-12
753,37.65,5,0.130787,0.00198002,6.59739e-12
754,37.7,5,0.130789,0.00205449,6.34515e-12
755,37.75,5,0.130792,0.00212901,6.30962e-12
756,37.8,5,0.130795,0.00220342,6.30429e-12
757,37.85,5,0.130798,0.00227756,6.20659e-12
758,37.9,5,0.130801,0.00235128,6.65779e-12
759,37.95,5,0.130804,0.0024244,6.24212e-12
760,38.,5,0.130807,0.00249677,5.98988e-12
761,38.05,5,0.13081,0.00256822,6.01119e-12
762,38.1,5,0.130813,0.00263859,5.96501e-12
763,38.15,5,0.130817,0.00270772,5.96856e-12
764,38.2,5,0.13082,0.00277543,5.83533e-12
765,38.25,5,0.130824,0.00284157,5.78382e-12
766,38.3,5,0.130827,0.00290596,5.9508e-12
767,38.35,5,0.130831,0.00296846,6.20304e-12
768,38.4,5,0.130835,0.00302889,6.04672e-12
769,38.45,5,0.130839,0.00308711,5.9508e-12
770,38.5,5,0.130843,0.00314294,6.13198e-12
771,38.55,5,0.130847,0.00319625,6.21547e-12
772,38.6,5,0.130851,0.00324687,6.33626e-12
773,38.65,5,0.130855,0.00329466,5.83888e-12
774,38.7,5,0.130859,0.00333948,6.3789e-12
775,38.75,5,0.130863,0.00338118,5.90283e-12
776,38.8,5,0.130868,0.00341964,6.04672e-12
777,38.85,5,0.130872,0.00345471,6.49791e-12
778,38.9,5,0.130877,0.00348628,6.52989e-12
779,38.95,5,0.130882,0.00351423,6.30429e-12
780,39.,5,0.130886,0.00353844,6.41442e-12
781,39.05,5,0.130891,0.0035588,6.0929e-12
782,39.1,5,0.130896,0.00357521,6.42331e-12
783,39.15,5,0.130901,0.00358758,6.27765e-12
784,39.2,5,0.130906,0.00359582,6.12665e-12
785,39.25,5,0.130911,0.00359985,6.28475e-12
786,39.3,5,0.130916,0.0035996,5.85842e-12
787,39.35,5,0.130921,0.003595,5.96678e-12
788,39.4,5,0.130926,0.00358599,5.94902e-12
789,39.45,5,0.130931,0.00357254,6.24389e-12
790,39.5,5,0.130936,0.00355459,6.38067e-12
791,39.55,5,0.130942,0.00353212,6.4766e-12
792,39.6,5,0.130947,0.00350512,6.12133e-12
793,39.65,5,0.130952,0.00347356,6.1533e-12
794,39.7,5,0.130958,0.00343744,6.07336e-12
795,39.75,5,0.130963,0.00339678,6.16573e-12
796,39.8,5,0.130969,0.00335158,6.02718e-12
797,39.85,5,0.130974,0.00330188,6.11422e-12
798,39.9,5,0.13098,0.00324772,6.3789e-12
799,39.95,5,0.130986,0.00318913,6.17995e-12
800,40.,5,0.130991,0.00312619,5.92948e-12
801,40.05,5,0.130997,0.00305895,6.14087e-12
802,40.1,5,0.131003,0.00298749,5.79981e-12
803,40.15,5,0.131009,0.0029119,5.92593e-12
804,40.2,5,0.131015,0.00283228,6.42686e-12
805,40.25,5,0.131021,0.00274874,6.10356e-12
806,40.3,5,0.131027,0.0026614,5.91172e-12
807,40.35,5,0.131033,0.00257037,6.26343e-12
808,40.4,5,0.131039,0.00247581,6.32383e-12
809,40.45,5,0.131045,0.00237786,6.05027e-12
810,40.5,5,0.131051,0.00227667,5.79448e-12
811,40.55,5,0.131058,0.00217242,6.49791e-12
812,40.6,5,0.131064,0.00206528,6.09823e-12
813,40.65,5,0.131071,0.00195543,5.89573e-12
814,40.7,5,0.131078,0.00184306,6.22435e-12
815,40.75,5,0.131085,0.00172839,6.16751e-12
816,40.8,5,0.131091,0.00161162,6.35403e-12
817,40.85,5,0.131099,0.00149296,6.67733e-12
818,40.9,5,0.131106,0.00137264,5.64171e-12
819,40.95,5,0.131113,0.0012509,5.80869e-12
820,41.,5,0.131121,0.00112798,6.11422e-12
821,41.05,5,0.131129,0.00100411,6.16218e-12
822,41.1,5,0.131136,0.000879559,6.27409e-12
823,41.15,5,0.131145,0.000754573,5.76961e-12
824,41.2,5,0.131153,0.000629419,6.03073e-12
825,41.25,5,0.131161,0.000504361,6.64357e-12
826,41.3,5,0.13117,0.000379672,6.35758e-12
827,41.35,5,0.131179,0.000255624,5.98988e-12
828,41.4,5,0.131188,0.000132496,6.33094e-12
829,41.45,5,0.131197,1.05674e-05,6.51035e-12
830,41.5,5,0.131207,-0.00010988,5.95968e-12
831,41.55,5,0.131216,-0.000228565,5.80513e-12
832,41.6,5,0.131226,-0.000345202,5.87264e-12
833,41.65,5,0.131236,-0.000459507,5.71632e-12
834,41.7,5,0.131247,-0.000571201,6.2812e-12
835,41.75,5,0.131257,-0.000679992,6.10889e-12
836,41.8,5,0.131268,-0.000785603,5.98632e-12
837,41.85,5,0.131279,-0.000887771,6.62403e-12
838,41.9,5,0.13129,-0.000986194,6.13376e-12
839,41.95,5,0.131302,-0.00108062,6.59917e-12
840,42.,5,0.131313,-0.00117078,5.94014e-12
841,42.05,5,0.131325,-0.0012564,6.19238e-12
842,42.1,5,0.131337,-0.00133724,6.27409e-12
843,42.15,5,0.13135,-0.00141303,5.87086e-12
844,42.2,5,0.131362,-0.00148354,6.4091e-12
845,42.25,5,0.131375,-0.00154853,6.32205e-12
846,42.3,5,0.131387,-0.00160777,6.29541e-12
847,42.35,5,0.1314,-0.00166104,5.64526e-12
848,42.4,5,0.131414,-0.00170814,6.12843e-12
849,42.45,5,0.131427,-0.00174886,6.49614e-12
850,42.5,5,0.13144,-0.00178301,6.82121e-12
851,42.55,5,0.131454,-0.00181041,6.30251e-12
852,42.6,5,0.131468,-0.00183091,6.07869e-12
853,42.65,5,0.131482,-0.00184434,5.86198e-12
854,42.7,5,0.131496,-0.00185057,6.10179e-12
855,42.75,5,0.13151,-0.00184946,6.15685e-12
856,42.8,5,0.131524,-0.00184091,5.8975e-12
857,42.85,5,0.131538,-0.00182482,5.5671e-12
858,42.9,5,0.131553,-0.0018011,6.24922e-12
859,42.95,5,0.131567,-0.00176968,5.90816e-12
860,43.,5,0.131582,-0.00173051,6.60094e-12
861,43.05,5,0.131596,-0.00168355,6.12133e-12
862,43.1,5,0.131611,-0.00162879,6.38067e-12
863,43.15,5,0.131626,-0.00156622,6.116e-12
864,43.2,5,0.13164,-0.00149586,6.16751e-12
865,43.25,5,0.131655,-0.00141773,6.79989e-12
866,43.3,5,0.13167,-0.00133189,6.33271e-12
867,43.35,5,0.131685,-0.0012384,6.13198e-12
868,43.4,5,0.1317,-0.00113735,6.42686e-12
869,43.45,5,0.131715,-0.00102884,5.93481e-12
870,43.5,5,0.13173,-0.000912992,6.3558e-12
871,43.55,5,0.131745,-0.000789947,6.25455e-12
872,43.6,5,0.13176,-0.000659864,6.34515e-12
873,43.65,5,0.131775,-0.000522917,5.90106e-12
874,43.7,5,0.13179,-0.000379302,6.10356e-12
875,43.75,5,0.131805,-0.000229232,6.09468e-12
876,43.8,5,0.13182,-7.29366e-05,5.80158e-12
877,43.85,5,0.131836,8.93351e-05,6.21192e-12
878,43.9,5,0.131851,0.000257317,6.62403e-12
879,43.95,5,0.131867,0.000430726,5.75184e-12
880,44.,5,0.131883,0.000609261,5.9579e-12
881,44.05,5,0.131899,0.000792605,6.2883e-12
882,44.1,5,0.131915,0.000980425,5.86198e-12
883,44.15,5,0.131931,0.00117237,6.42153e-12
884,44.2,5,0.131948,0.00136808,6.38067e-12
885,44.25,5,0.131965,0.00156717,6.21547e-12
886,44.3,5,0.131982,0.00176926,6.36469e-12
887,44.35,5,0.131999,0.00197392,5.83e-12
888,44.4,5,0.132016,0.00218075,6.16396e-12
889,44.45,5,0.132034,0.00238931,6.14975e-12
890,44.5,5,0.132052,0.00259916,6.6489e-12
891,44.55,5,0.132071,0.00280984,6.30251e-12
892,44.6,5,0.13209,0.0030209,5.98632e-12
893,44.65,5,0.132109,0.00323185,5.97922e-12
894,44.7,5,0.132129,0.00344222,6.47304e-12
895,44.75,5,0.132149,0.00365151,6.30074e-12
896,44.8,5,0.132169,0.00385925,6.13554e-12
897,44.85,5,0.13219,0.00406492,6.29541e-12
898,44.9,5,0.132212,0.00426803,6.21014e-12
899,44.95,5,0.132233,0.00446806,6.08225e-12
900,45.,5,0.132255,0.00466452,6.39844e-12
901,45.05,5,0.132278,0.00485689,6.07869e-12
902,45.1,5,0.132301,0.00504467,5.87796e-12
903,45.15,5,0.132324,0.00522736,6.55298e-12
904,45.2,5,0.132348,0.00540444,5.695e-12
905,45.25,5,0.132372,0.00557543,5.96856e-12
906,45.3,5,0.132396,0.00573982,6.04494e-12
907,45.35,5,0.132421,0.00589714,6.48726e-12
908,45.4,5,0.132446,0.0060469,5.94724e-12
909,45.45,5,0.132472,0.00618864,6.42508e-12
910,45.5,5,0.132498,0.0063219,6.14264e-12
911,45.55,5,0.132524,0.00644623,6.32205e-12
912,45.6,5,0.13255,0.00656119,5.64526e-12
913,45.65,5,0.132577,0.00666637,5.51204e-12
914,45.7,5,0.132604,0.00676137,6.24034e-12
915,45.75,5,0.132631,0.00684579,5.70566e-12
916,45.8,5,0.132659,0.00691927,6.72884e-12
917,45.85,5,0.132686,0.00698146,6.20659e-12
918,45.9,5,0.132714,0.00703203,5.9579e-12
919,45.95,5,0.132742,0.00707067,5.71276e-12
920,46.,5,0.13277,0.00709709,5.68434e-12
921,46.05,5,0.132798,0.00711104,6.05738e-12
922,46.1,5,0.132827,0.00711228,6.52989e-12
923,46.15,5,0.132855,0.0071006,6.00409e-12
924,46.2,5,0.132883,0.00707582,6.01297e-12
925,46.25,5,0.132912,0.00703778,5.86908e-12
926,46.3,5,0.13294,0.00698635,6.67377e-12
927,46.35,5,0.132968,0.00692145,6.54055e-12
928,46.4,5,0.132997,0.00684301,6.50502e-12
929,46.45,5,0.133025,0.00675098,6.0556e-12
930,46.5,5,0.133053,0.00664538,6.46594e-12
931,46.55,5,0.133081,0.00652623,5.70921e-12
932,46.6,5,0.133108,0.00639359,5.92237e-12
933,46.65,5,0.133136,0.00624757,6.27587e-12
934,46.7,5,0.133164,0.00608829,6.22791e-12
935,46.75,5,0.133191,0.00591591,6.03428e-12
936,46.8,5,0.133218,0.00573064,5.83533e-12
937,46.85,5,0.133245,0.00553272,6.23501e-12
938,46.9,5,0.133272,0.0053224,6.41798e-12
939,46.95,5,0.133299,0.0051,5.90283e-12
940,47.,5,0.133326,0.00486586,6.27942e-12
941,47.05,5,0.133352,0.00462034,6.10001e-12
942,47.1,5,0.133379,0.00436385,6.35936e-12
943,47.15,5,0.133406,0.00409684,5.62395e-12
944,47.2,5,0.133432,0.00381978,6.19771e-12
945,47.25,5,0.133458,0.00353317,6.26166e-12
946,47.3,5,0.133485,0.00323757,6.16041e-12
947,47.35,5,0.133512,0.00293353,5.73053e-12
948,47.4,5,0.133538,0.00262167,6.23679e-12
949,47.45,5,0.133565,0.00230263,6.29008e-12
950,47.5,5,0.133592,0.00197705,5.85842e-12
951,47.55,5,0.133619,0.00164564,6.1835e-12
952,47.6,5,0.133647,0.00130911,6.14975e-12
953,47.65,5,0.133675,0.000968219,6.27409e-12
954,47.7,5,0.133703,0.000623723,6.27232e-12
955,47.75,5,0.133732,0.000276418,6.78568e-12
956,47.8,5,0.133761,-7.28802e-05,6.74127e-12
957,47.85,5,0.133791,-0.000423338,5.42144e-12
958,47.9,5,0.133822,-0.000774104,6.59384e-12
959,47.95,5,0.133853,-0.00112431,5.85487e-12
960,48.,5,0.133885,-0.00147307,6.14264e-12
961,48.05,5,0.133918,-0.0018195,6.16396e-12
962,48.1,5,0.133951,-0.00216268,6.26876e-12
963,48.15,5,0.133986,-0.0025017,6.42508e-12
964,48.2,5,0.134021,-0.00283566,6.74483e-12
965,48.25,5,0.134057,-0.00316362,6.07869e-12
966,48.3,5,0.134093,-0.00348466,5.81402e-12
967,48.35,5,0.134131,-0.00379787,6.26699e-12
968,48.4,5,0.134169,-0.00410233,6.34159e-12
969,48.45,5,0.134208,-0.00439713,6.33449e-12
970,48.5,5,0.134248,-0.00468137,5.89928e-12
971,48.55,5,0.134289,-0.00495416,6.64357e-12
972,48.6,5,0.13433,-0.00521462,6.08935e-12
973,48.65,5,0.134371,-0.00546191,6.07336e-12
974,48.7,5,0.134414,-0.00569518,6.20304e-12
975,48.75,5,0.134457,-0.00591361,6.00586e-12
976,48.8,5,0.1345,-0.00611643,6.42153e-12
977,48.85,5,0.134544,-0.00630285,6.03961e-12
978,48.9,5,0.134588,-0.00647215,6.1533e-12
979,48.95,5,0.134632,-0.00662363,5.81579e-12
980,49.,5,0.134677,-0.00675661,6.33804e-12
981,49.05,5,0.134722,-0.00687047,5.9881e-12
982,49.1,5,0.134767,-0.00696462,6.08225e-12
983,49.15,5,0.134812,-0.00703851,5.90639e-12
984,49.2,5,0.134858,-0.00709162,5.97034e-12
985,49.25,5,0.134903,-0.00712351,6.07336e-12
986,49.3,5,0.134948,-0.00713377,6.12133e-12
987,49.35,5,0.134994,-0.00712202,5.88329e-12
988,49.4,5,0.135039,-0.00708798,5.69145e-12
989,49.45,5,0.135083,-0.00703137,6.38067e-12
990,49.5,5,0.135128,-0.00695201,6.22258e-12
991,49.55,5,0.135171,-0.00684976,6.14975e-12
992,49.6,5,0.135215,-0.00672454,6.49081e-12
993,49.65,5,0.135258,-0.00657632,5.87974e-12
994,49.7,5,0.1353,-0.00640514,5.74474e-12
995,49.75,5,0.135341,-0.00621112,6.51035e-12
996,49.8,5,0.135382,-0.00599441,5.87619e-12
997,49.85,5,0.135422,-0.00575525,6.48015e-12
998,49.9,5,0.135461,-0.00549392,5.90106e-12
999,49.95,5,0.135499,-0.0052108,5.90639e-12
1000,50.,5,0.135537,-0.00490631,6.20126e-12
1001,50.05,5,0.135574,-0.00458093,6.08047e-12
1002,50.1,5,0.13561,-0.00423521,5.63105e-12
1003,50.15,5,0.135645,-0.00386978,6.15685e-12
1004,50.2,5,0.135679,-0.00348532,6.46949e-12
1005,50.25,5,0.135713,-0.00308256,6.18527e-12
1006,50.3,5,0.135747,-0.00266231,6.57074e-12
1007,50.35,5,0.135779,-0.00222544,5.46407e-12
1008,50.4,5,0.135812,-0.00177287,5.74651e-12
1009,50.45,5,0.135844,-0.00130558,6.02007e-12
1010,50.5,5,0.135875,-0.000824613,6.51212e-12
1011,50.55,5,0.135907,-0.000331062,6.11244e-12
1012,50.6,5,0.135938,0.000173928,6.0858e-12
1013,50.65,5,0.135969,0.00068916,6.22613e-12
1014,50.7,5,0.136,0.00121339,5.85132e-12
1015,50.75,5,0.136032,0.00174532,6.37179e-12
1016,50.8,5,0.136063,0.00228363,6.44462e-12
1017,50.85,5,0.136095,0.00282693,6.29186e-12
1018,50.9,5,0.136127,0.00337383,6.17639e-12
1019,50.95,5,0.13616,0.00392286,6.3185e-12
1020,51.,5,0.136194,0.00447256,5.7252e-12
1021,51.05,5,0.136228,0.00502142,6.21547e-12
1022,51.1,5,0.136263,0.00556793,6.06093e-12
1023,51.15,5,0.1363,0.00611054,6.41442e-12
1024,51.2,5,0.136337,0.00664769,6.03251e-12
1025,51.25,5,0.136376,0.00717783,6.32028e-12
1026,51.3,5,0.136416,0.00769938,6.34159e-12
1027,51.35,5,0.136457,0.00821077,6.46061e-12
1028,51.4,5,0.1365,0.00871044,5.77849e-12
1029,51.45,5,0.136544,0.00919684,6.43752e-12
1030,51.5,5,0.136589,0.00966842,6.04139e-12
1031,51.55,5,0.136636,0.0101237,5.87619e-12
1032,51.6,5,0.136684,0.0105611,6.04139e-12
1033,51.65,5,0.136734,0.0109793,6.27409e-12
1034,51.7,5,0.136784,0.0113767,6.23501e-12
1035,51.75,5,0.136836,0.011752,6.03073e-12
1036,51.8,5,0.136888,0.0121039,6.61338e-12
1037,51.85,5,0.136942,0.0124311,5.88685e-12
1038,51.9,5,0.136996,0.0127323,6.19238e-12
1039,51.95,5,0.13705,0.0130063,6.25811e-12
1040,52.,5,0.137105,0.0132521,6.31317e-12
1041,52.05,5,0.137161,0.0134685,5.8975e-12
1042,52.1,5,0.137216,0.0136547,6.39133e-12
1043,52.15,5,0.137272,0.0138096,6.25633e-12
1044,52.2,5,0.137327,0.0139324,6.26876e-12
1045,52.25,5,0.137382,0.0140224,5.59908e-12
1046,52.3,5,0.137437,0.014079,5.75362e-12
1047,52.35,5,0.137492,0.0141015,6.43041e-12
1048,52.4,5,0.137545,0.0140894,5.71987e-12
1049,52.45,5,0.137598,0.0140424,6.22613e-12
1050,52.5,5,0.13765,0.0139602,6.66489e-12
1051,52.55,5,0.137701,0.0138425,5.9277e-12
1052,52.6,5,0.137752,0.0136893,6.05382e-12
1053,52.65,5,0.1378,0.0135005,5.98632e-12
1054,52.7,5,0.137848,0.0132763,6.64713e-12
1055,52.75,5,0.137894,0.0130168,6.51212e-12
1056,52.8,5,0.137938,0.0127224,6.3487e-12
1057,52.85,5,0.137981,0.0123935,6.26343e-12
1058,52.9,5,0.138022,0.0120306,6.27054e-12
1059,52.95,5,0.138061,0.0116343,6.07869e-12
1060,53.,5,0.138098,0.0112055,6.05382e-12
1061,53.05,5,0.138134,0.0107448,6.35936e-12
1062,53.1,5,0.138167,0.0102534,6.76792e-12
1063,53.15,5,0.138199,0.00973212,5.71987e-12
1064,53.2,5,0.138229,0.00918222,5.70033e-12
1065,53.25,5,0.138258,0.00860493,5.62395e-12
1066,53.3,5,0.138285,0.00800159,6.17106e-12
1067,53.35,5,0.138311,0.00737362,6.37002e-12
1068,53.4,5,0.138335,0.00672256,5.91527e-12
1069,53.45,5,0.138359,0.00605,6.66844e-12
1070,53.5,5,0.138382,0.00535765,5.3344e-12
1071,53.55,5,0.138404,0.00464726,6.09113e-12
1072,53.6,5,0.138425,0.00392069,6.43041e-12
1073,53.65,5,0.138447,0.00317986,6.07869e-12
1074,53.7,5,0.138468,0.00242674,6.31672e-12
1075,53.75,5,0.13849,0.00166338,6.4162e-12
1076,53.8,5,0.138512,0.000891879,6.20304e-12
1077,53.85,5,0.138534,0.000114394,6.17462e-12
1078,53.9,5,0.138558,-0.000666877,6.51745e-12
1079,53.95,5,0.138582,-0.00144969,6.10356e-12
1080,54.,5,0.138607,-0.00223178,6.19416e-12
1081,54.05,5,0.138634,-0.00301083,6.12665e-12
1082,54.1,5,0.138662,-0.00378453,6.42153e-12
1083,54.15,5,0.138691,-0.00455054,5.99343e-12
1084,54.2,5,0.138723,-0.0053065,6.2883e-12
1085,54.25,5,0.138756,-0.00605008,6.24212e-12
1086,54.3,5,0.138791,-0.00677893,5.94724e-12
1087,54.35,5,0.138829,-0.00749075,6.251e-12
1088,54.4,5,0.138869,-0.00818322,6.30784e-12
1089,54.45,5,0.138911,-0.00885408,6.2137e-12
1090,54.5,5,0.138955,-0.00950111,5.93481e-12
1091,54.55,5,0.139002,-0.0101221,5.95968e-12
1092,54.6,5,0.139051,-0.010715,6.0929e-12
1093,54.65,5,0.139103,-0.0112777,6.83542e-12
1094,54.7,5,0.139157,-0.0118083,6.0858e-12
1095,54.75,5,0.139212,-0.0123047,5.79448e-12
1096,54.8,5,0.13927,-0.0127653,6.17462e-12
1097,54.85,5,0.139329,-0.0131883,5.67191e-12
1098,54.9,5,0.13939,-0.013572,6.02007e-12
1099,54.95,5,0.139452,-0.013915,6.33982e-12
1100,55.,5,0.139515,-0.0142158,5.96856e-12
1101,55.05,5,0.139578,-0.0144732,6.49791e-12
1102,55.1,5,0.139641,-0.014686,6.02896e-12
1103,55.15,5,0.139705,-0.0148531,6.03961e-12
1104,55.2,5,0.139768,-0.0149736,6.09646e-12
1105,55.25,5,0.13983,-0.0150467,6.18883e-12
1106,55.3,5,0.139891,-0.0150718,6.85318e-12
1107,55.35,5,0.139952,-0.0150484,5.78027e-12
1108,55.4,5,0.14001,-0.014976,5.94191e-12
1109,55.45,5,0.140067,-0.0148546,5.22249e-12
1110,55.5,5,0.140122,-0.0146839,5.5671e-12
1111,55.55,5,0.140175,-0.0144641,6.0929e-12
1112,55.6,5,0.140225,-0.0141954,5.97922e-12
1113,55.65,5,0.140273,-0.0138781,6.30429e-12
1114,55.7,5,0.140318,-0.0135128,5.94369e-12
1115,55.75,5,0.140361,-0.0131,6.44107e-12
1116,55.8,5,0.1404,-0.0126408,6.20126e-12
1117,55.85,5,0.140437,-0.0121359,6.33804e-12
1118,55.9,5,0.14047,-0.0115865,5.77849e-12
1119,55.95,5,0.1405,-0.0109939,6.55653e-12
1120,56.,5,0.140528,-0.0103593,6.03606e-12
1121,56.05,5,0.140552,-0.00968447,6.0254e-12
1122,56.1,5,0.140574,-0.00897093,6.42686e-12
1123,56.15,5,0.140592,-0.00822049,6.39844e-12
1124,56.2,5,0.140608,-0.00743508,6.0183e-12
1125,56.25,5,0.140622,-0.00661675,6.38423e-12
1126,56.3,5,0.140634,-0.00576767,5.85842e-12
1127,56.35,5,0.140643,-0.0048901,6.11067e-12
1128,56.4,5,0.140652,-0.00398644,5.52802e-12
1129,56.45,5,0.140659,-0.00305917,6.12665e-12
1130,56.5,5,0.140665,-0.00211087,6.06271e-12
1131,56.55,5,0.140671,-0.00114422,6.44107e-12
1132,56.6,5,0.140677,-0.000161957,6.32916e-12
1133,56.65,5,0.140683,0.000833088,6.51035e-12
1134,56.7,5,0.140689,0.00183802,6.48015e-12
1135,56.75,5,0.140697,0.0028499,5.97744e-12
1136,56.8,5,0.140707,0.00386572,6.7395e-12
1137,56.85,5,0.140718,0.00488244,5.96323e-12
1138,56.9,5,0.140731,0.00589698,6.3185e-12
1139,56.95,5,0.140746,0.00690622,6.38423e-12
1140,57.,5,0.140764,0.00790707,6.12488e-12
1141,57.05,5,0.140785,0.00889637,5.9952e-12
1142,57.1,5,0.140809,0.00987102,6.52811e-12
1143,57.15,5,0.140836,0.0108279,6.17106e-12
1144,57.2,5,0.140867,0.0117639,6.2137e-12
1145,57.25,5,0.140901,0.012676,6.13021e-12
1146,57.3,5,0.140938,0.0135612,6.76081e-12
1147,57.35,5,0.140979,0.0144166,6.2883e-12
1148,57.4,5,0.141023,0.0152392,6.37712e-12
1149,57.45,5,0.141071,0.0160262,6.41442e-12
1150,57.5,5,0.141122,0.016775,6.26343e-12
1151,57.55,5,0.141176,0.0174829,6.24212e-12
1152,57.6,5,0.141233,0.0181474,6.29541e-12
1153,57.65,5,0.141292,0.0187661,5.81224e-12
1154,57.7,5,0.141354,0.0193369,5.81224e-12
1155,57.75,5,0.141418,0.0198575,6.36291e-12
1156,57.8,5,0.141483,0.0203261,6.06271e-12
1157,57.85,5,0.14155,0.0207408,5.80158e-12
1158,57.9,5,0.141617,0.0210999,6.09646e-12
1159,57.95,5,0.141685,0.0214021,5.86375e-12
1160,58.,5,0.141753,0.021646,6.54055e-12
1161,58.05,5,0.14182,0.0218305,6.33094e-12
1162,58.1,5,0.141886,0.0219547,6.51745e-12
1163,58.15,5,0.14195,0.0220177,6.16218e-12
1164,58.2,5,0.142013,0.022019,6.03428e-12
1165,58.25,5,0.142073,0.0219582,6.34159e-12
1166,58.3,5,0.142131,0.0218352,6.01474e-12
1167,58.35,5,0.142185,0.02165,6.34692e-12
1168,58.4,5,0.142237,0.0214026,6.13198e-12
1169,58.45,5,0.142284,0.0210935,6.01119e-12
1170,58.5,5,0.142328,0.0207234,6.03251e-12
1171,58.55,5,0.142367,0.0202928,6.19593e-12
1172,58.6,5,0.142402,0.0198028,6.16396e-12
1173,58.65,5,0.142433,0.0192546,5.50138e-12
1174,58.7,5,0.142459,0.0186493,6.17995e-12
1175,58.75,5,0.142481,0.0179886,6.13909e-12
1176,58.8,5,0.142499,0.017274,6.36646e-12
1177,58.85,5,0.142512,0.0165075,6.13731e-12
1178,58.9,5,0.142521,0.0156911,6.4162e-12
1179,58.95,5,0.142527,0.0148268,6.26166e-12
1180,59.,5,0.142528,0.0139171,6.16573e-12
1181,59.05,5,0.142526,0.0129643,6.33626e-12
1182,59.1,5,0.142521,0.0119712,5.8904e-12
1183,59.15,5,0.142513,0.0109406,5.82467e-12
1184,59.2,5,0.142504,0.00987518,6.48548e-12
1185,59.25,5,0.142492,0.00877813,6.36646e-12
1186,59.3,5,0.142479,0.00765256,6.13198e-12
1187,59.35,5,0.142465,0.00650172,5.67901e-12
1188,59.4,5,0.142451,0.00532898,6.38423e-12
1189,59.45,5,0.142438,0.0041378,6.17639e-12
1190,59.5,5,0.142425,0.0029317,6.37712e-12
1191,59.55,5,0.142413,0.00171431,6.25278e-12
1192,59.6,5,0.142404,0.000489282,6.30074e-12
1193,59.65,5,0.142397,-0.00073964,6.48726e-12
1194,59.7,5,0.142393,-0.00196869,6.35758e-12
1195,59.75,5,0.142392,-0.00319406,6.29186e-12
1196,59.8,5,0.142395,-0.00441193,6.4162e-12
1197,59.85,5,0.142402,-0.00561845,6.32561e-12
1198,59.9,5,0.142413,-0.0068098,6.70752e-12
1199,59.95,5,0.142429,-0.00798216,6.01119e-12
1200,60.,5,0.14245,-0.00913173,6.49614e-12
1201,60.05,5,0.142476,-0.0102548,6.8141e-12
1202,60.1,5,0.142506,-0.0113476,6.05027e-12
1203,60.15,5,0.142542,-0.0124065,6.39133e-12
1204,60.2,5,0.142582,-0.0134281,6.15508e-12
1205,60.25,5,0.142628,-0.0144088,6.30429e-12
1206,60.3,5,0.142678,-0.0153453,6.37002e-12
1207,60.35,5,0.142732,-0.0162344,6.29896e-12
1208,60.4,5,0.142791,-0.017073,6.60982e-12
1209,60.45,5,0.142854,-0.0178581,6.08225e-12
1210,60.5,5,0.142919,-0.018587,6.51745e-12
1211,60.55,5,0.142988,-0.0192571,5.99698e-12
1212,60.6,5,0.143059,-0.019866,6.33094e-12
1213,60.65,5,0.143132,-0.0204114,5.8904e-12
1214,60.7,5,0.143206,-0.0208913,6.07336e-12
1215,60.75,5,0.143281,-0.0213039,6.24567e-12
1216,60.8,5,0.143356,-0.0216476,5.9508e-12
1217,60.85,5,0.143431,-0.021921,6.31317e-12
1218,60.9,5,0.143504,-0.0221229,5.84066e-12
1219,60.95,5,0.143576,-0.0222525,6.21547e-12
1220,61.,5,0.143645,-0.0223091,6.28297e-12
1221,61.05,5,0.143711,-0.0222921,6.21903e-12
1222,61.1,5,0.143773,-0.0222013,6.18527e-12
1223,61.15,5,0.143832,-0.0220367,5.61862e-12
1224,61.2,5,0.143886,-0.0217986,6.20659e-12
1225,61.25,5,0.143935,-0.0214875,5.81579e-12
1226,61.3,5,0.143979,-0.0211038,6.05382e-12
1227,61.35,5,0.144018,-0.0206487,6.38778e-12
1228,61.4,5,0.14405,-0.0201232,6.11422e-12
1229,61.45,5,0.144077,-0.0195287,6.03784e-12
1230,61.5,5,0.144098,-0.0188667,6.53522e-12
1231,61.55,5,0.144113,-0.0181389,6.21014e-12
1232,61.6,5,0.144123,-0.0173474,6.11422e-12
1233,61.65,5,0.144126,-0.0164943,5.87619e-12
1234,61.7,5,0.144125,-0.015582,6.29896e-12
1235,61.75,5,0.144118,-0.0146129,6.08047e-12
1236,61.8,5,0.144106,-0.0135899,5.85487e-12
1237,61.85,5,0.14409,-0.0125158,5.46585e-12
1238,61.9,5,0.14407,-0.0113937,6.11067e-12
1239,61.95,5,0.144046,-0.0102267,6.33094e-12
1240,62.,5,0.14402,-0.00901829,6.21903e-12
1241,62.05,5,0.143992,-0.00777192,5.90461e-12
1242,62.1,5,0.143962,-0.00649124,6.72173e-12
1243,62.15,5,0.143931,-0.00518004,5.84599e-12
1244,62.2,5,0.1439,-0.0038422,5.88685e-12
1245,62.25,5,0.143869,-0.00248173,5.93126e-12
1246,62.3,5,0.14384,-0.00110273,6.55653e-12
1247,62.35,5,0.143812,0.000290607,6.10001e-12
1248,62.4,5,0.143787,0.00169403,6.34692e-12
1249,62.45,5,0.143765,0.00310322,6.31317e-12
1250,62.5,5,0.143748,0.00451379,6.65068e-12
1251,62.55,5,0.143734,0.00592136,6.13731e-12
1252,62.6,5,0.143725,0.00732147,6.14087e-12
1253,62.65,5,0.143722,0.00870968,5.96145e-12
1254,62.7,5,0.143725,0.0100816,6.27409e-12
1255,62.75,5,0.143733,0.0114327,6.46949e-12
1256,62.8,5,0.143748,0.0127587,5.79803e-12
1257,62.85,5,0.143769,0.0140551,6.09823e-12
1258,62.9,5,0.143797,0.0153179,6.25278e-12
1259,62.95,5,0.143832,0.0165427,6.18883e-12
1260,63.,5,0.143873,0.0177254,6.59206e-12
1261,63.05,5,0.14392,0.0188621,6.54055e-12
1262,63.1,5,0.143973,0.0199489,6.28297e-12
1263,63.15,5,0.144032,0.0209821,6.43574e-12
1264,63.2,5,0.144096,0.0219582,6.17817e-12
1265,63.25,5,0.144165,0.0228738,6.36824e-12
1266,63.3,5,0.144237,0.0237256,6.37534e-12
1267,63.35,5,0.144314,0.0245107,5.97744e-12
1268,63.4,5,0.144393,0.0252264,5.79092e-12
1269,63.45,5,0.144474,0.02587,5.73408e-12
1270,63.5,5,0.144556,0.0264393,6.17817e-12
1271,63.55,5,0.144639,0.0269323,6.1533e-12
1272,63.6,5,0.144721,0.027347,6.51212e-12
1273,63.65,5,0.144802,0.0276821,6.07692e-12
1274,63.7,5,0.144882,0.0279362,6.10356e-12
1275,63.75,5,0.144958,0.0281083,6.38245e-12
1276,63.8,5,0.145031,0.0281976,6.2137e-12
1277,63.85,5,0.1451,0.0282038,5.71987e-12
1278,63.9,5,0.145164,0.0281265,5.80336e-12
1279,63.95,5,0.145223,0.0279659,6.19949e-12
1280,64.,5,0.145276,0.0277222,6.3789e-12
1281,64.05,5,0.145322,0.0273961,6.19416e-12
1282,64.1,5,0.145362,0.0269884,6.52101e-12
1283,64.15,5,0.145394,0.0265002,6.46239e-12
1284,64.2,5,0.14542,0.0259328,6.27587e-12
1285,64.25,5,0.145437,0.0252879,6.32383e-12
1286,64.3,5,0.145448,0.0245671,6.19949e-12
1287,64.35,5,0.145451,0.0237727,6.0254e-12
1288,64.4,5,0.145447,0.0229067,5.95435e-12
1289,64.45,5,0.145436,0.0219719,5.9952e-12
1290,64.5,5,0.145418,0.0209707,5.76605e-12
1291,64.55,5,0.145394,0.0199061,5.59197e-12
1292,64.6,5,0.145364,0.0187813,6.22613e-12
1293,64.65,5,0.145329,0.0175994,5.90106e-12
1294,64.7,5,0.14529,0.016364,6.30429e-12
1295,64.75,5,0.145247,0.0150786,5.93658e-12
1296,64.8,5,0.145201,0.013747,6.14619e-12
1297,64.85,5,0.145152,0.0123732,6.18172e-12
1298,64.9,5,0.145102,0.0109612,6.19238e-12
1299,64.95,5,0.145051,0.00951527,6.01474e-12
1300,65.,5,0.145001,0.00803975,5.83711e-12
1301,65.05,5,0.144951,0.00653909,6.05027e-12
1302,65.1,5,0.144904,0.00501787,6.48015e-12
1303,65.15,5,0.144859,0.00348075,6.32738e-12
1304,65.2,5,0.144817,0.00193248,6.0183e-12
1305,65.25,5,0.14478,0.000377861,6.43929e-12
1306,65.3,5,0.144748,-0.00117824,6.14442e-12
1307,65.35,5,0.144722,-0.00273094,6.55476e-12
1308,65.4,5,0.144702,-0.00427529,6.10889e-12
1309,65.45,5,0.144689,-0.00580639,6.26699e-12
1310,65.5,5,0.144683,-0.00731929,6.07869e-12
1311,65.55,5,0.144684,-0.00880911,6.18527e-12
1312,65.6,5,0.144693,-0.010271,6.4464e-12
1313,65.65,5,0.14471,-0.0117001,6.00942e-12
1314,65.7,5,0.144735,-0.0130918,6.53522e-12
1315,65.75,5,0.144768,-0.0144414,5.60441e-12
1316,65.8,5,0.144809,-0.0157444,5.74296e-12
1317,65.85,5,0.144857,-0.0169964,6.3114e-12
1318,65.9,5,0.144912,-0.0181933,6.0929e-12
1319,65.95,5,0.144974,-0.0193309,5.94191e-12
1320,66.,5,0.145042,-0.0204053,6.16041e-12
1321,66.05,5,0.145115,-0.021413,5.94369e-12
1322,66.1,5,0.145194,-0.0223503,6.33449e-12
1323,66.15,5,0.145276,-0.0232141,5.64349e-12
1324,66.2,5,0.145361,-0.0240014,6.69687e-12
1325,66.25,5,0.145449,-0.0247095,6.20659e-12
1326,66.3,5,0.145538,-0.0253359,6.43929e-12
1327,66.35,5,0.145627,-0.0258784,6.23146e-12
1328,66.4,5,0.145716,-0.0263352,6.10001e-12
1329,66.45,5,0.145804,-0.0267046,6.09113e-12
1330,66.5,5,0.145888,-0.0269853,5.53158e-12
1331,66.55,5,0.14597,-0.0271764,6.16041e-12
1332,66.6,5,0.146047,-0.0272771,6.2812e-12
1333,66.65,5,0.146119,-0.027287,6.20659e-12
1334,66.7,5,0.146186,-0.0272059,6.62581e-12
1335,66.75,5,0.146246,-0.0270342,6.33094e-12
1336,66.8,5,0.146298,-0.0267722,5.99876e-12
1337,66.85,5,0.146344,-0.0264206,6.40554e-12
1338,66.9,5,0.146381,-0.0259806,6.38778e-12
1339,66.95,5,0.14641,-0.0254534,5.86553e-12
1340,67.,5,0.14643,-0.0248406,6.27232e-12
1341,67.05,5,0.146441,-0.0241439,5.91882e-12
1342,67.1,5,0.146444,-0.0233655,6.29186e-12
1343,67.15,5,0.146439,-0.0225077,5.71276e-12
1344,67.2,5,0.146425,-0.0215729,6.2812e-12
1345,67.25,5,0.146403,-0.0205641,6.50147e-12
1346,67.3,5,0.146374,-0.0194841,6.13376e-12
1347,67.35,5,0.146338,-0.0183362,6.21014e-12
1348,67.4,5,0.146295,-0.0171238,5.76961e-12
1349,67.45,5,0.146247,-0.0158504,6.4535e-12
1350,67.5,5,0.146194,-0.0145199,5.63816e-12
1351,67.55,5,0.146136,-0.0131362,5.84421e-12
1352,67.6,5,0.146076,-0.0117035,6.55653e-12
1353,67.65,5,0.146013,-0.0102259,5.82112e-12
1354,67.7,5,0.145949,-0.00870802,5.80158e-12
1355,67.75,5,0.145885,-0.00715432,5.94724e-12
1356,67.8,5,0.145821,-0.00556955,5.90461e-12
1357,67.85,5,0.145759,-0.00395853,5.57421e-12
1358,67.9,5,0.1457,-0.00232619,5.99698e-12
1359,67.95,5,0.145644,-0.00067758,6.14619e-12
1360,68.,5,0.145592,0.00098219,6.19238e-12
1361,68.05,5,0.145546,0.00264793,5.57776e-12
1362,68.1,5,0.145506,0.00431441,5.77316e-12
1363,68.15,5,0.145472,0.00597636,6.00586e-12
1364,68.2,5,0.145446,0.00762847,5.86198e-12
1365,68.25,5,0.145428,0.00926546,5.81935e-12
1366,68.3,5,0.145418,0.010882,6.54232e-12
1367,68.35,5,0.145417,0.0124729,5.8975e-12
1368,68.4,5,0.145425,0.014033,6.18172e-12
1369,68.45,5,0.145442,0.015557,6.02363e-12
1370,68.5,5,0.145467,0.01704,6.3185e-12
1371,68.55,5,0.145502,0.0184771,6.32383e-12
1372,68.6,5,0.145546,0.0198634,5.64704e-12
1373,68.65,5,0.145598,0.0211942,6.2812e-12
1374,68.7,5,0.145658,0.0224652,6.3558e-12
1375,68.75,5,0.145725,0.0236719,6.17462e-12
1376,68.8,5,0.145799,0.0248104,5.96501e-12
1377,68.85,5,0.145879,0.0258767,6.47837e-12
1378,68.9,5,0.145963,0.0268671,6.33804e-12
1379,68.95,5,0.146053,0.0277785,6.30251e-12
1380,69.,5,0.146145,0.0286075,6.11422e-12
1381,69.05,5,0.146239,0.0293514,6.22258e-12
1382,69.1,5,0.146334,0.0300077,6.32738e-12
1383,69.15,5,0.14643,0.0305742,6.29896e-12
1384,69.2,5,0.146524,0.0310489,6.30607e-12
1385,69.25,5,0.146616,0.0314302,5.73408e-12
1386,69.3,5,0.146704,0.031717,5.64881e-12
1387,69.35,5,0.146788,0.0319081,5.83356e-12
1388,69.4,5,0.146867,0.0320031,5.83356e-12
1389,69.45,5,0.146939,0.0320015,5.62395e-12
1390,69.5,5,0.147005,0.0319035,5.94369e-12
1391,69.55,5,0.147063,0.0317093,6.41265e-12
1392,69.6,5,0.147112,0.0314195,5.695e-12
1393,69.65,5,0.147153,0.0310351,5.82645e-12
1394,69.7,5,0.147184,0.0305573,6.66667e-12
1395,69.75,5,0.147205,0.0299876,6.50857e-12
1396,69.8,5,0.147217,0.0293278,6.31317e-12
1397,69.85,5,0.147219,0.0285798,6.23501e-12
1398,69.9,5,0.147212,0.0277461,6.31495e-12
1399,69.95,5,0.147195,0.0268291,6.39844e-12
1400,70.,5,0.147168,0.0258317,5.9881e-12
1401,70.05,5,0.147133,0.0247568,5.9952e-12
1402,70.1,5,0.14709,0.0236078,5.98988e-12
1403,70.15,5,0.14704,0.022388,5.92237e-12
1404,70.2,5,0.146982,0.0211012,6.13731e-12
1405,70.25,5,0.146919,0.0197513,5.60263e-12
1406,70.3,5,0.146851,0.0183422,5.95435e-12
1407,70.35,5,0.146778,0.0168783,5.73586e-12
1408,70.4,5,0.146703,0.0153639,6.06448e-12
1409,70.45,5,0.146625,0.0138035,5.49605e-12
1410,70.5,5,0.146547,0.0122019,6.18172e-12
1411,70.55,5,0.146469,0.010564,6.12133e-12
1412,70.6,5,0.146392,0.00889477,6.48193e-12
1413,70.65,5,0.146317,0.00719924,5.96501e-12
1414,70.7,5,0.146246,0.0054827,6.21903e-12
1415,70.75,5,0.146179,0.00375046,6.2137e-12
1416,70.8,5,0.146118,0.00200792,6.06093e-12
1417,70.85,5,0.146062,0.000260552,6.15863e-12
1418,70.9,5,0.146014,-0.00148613,6.39133e-12
1419,70.95,5,0.145974,-0.00322657,6.57074e-12
1420,71.,5,0.145942,-0.00495521,5.94191e-12
1421,71.05,5,0.145919,-0.00666648,5.91172e-12
1422,71.1,5,0.145906,-0.00835484,6.14264e-12
1423,71.15,5,0.145902,-0.0100148,5.90639e-12
1424,71.2,5,0.145908,-0.0116409,6.51568e-12
1425,71.25,5,0.145924,-0.0132278,6.41265e-12
1426,71.3,5,0.145951,-0.0147702,6.8674e-12
1427,71.35,5,0.145986,-0.016263,6.11777e-12
1428,71.4,5,0.146032,-0.0177013,6.16751e-12
1429,71.45,5,0.146086,-0.0190802,6.59206e-12
1430,71.5,5,0.146149,-0.020395,5.28111e-12
1431,71.55,5,0.146219,-0.0216414,6.20304e-12
1432,71.6,5,0.146297,-0.0228151,5.90639e-12
1433,71.65,5,0.14638,-0.0239122,6.49791e-12
1434,71.7,5,0.146469,-0.0249289,6.14797e-12
1435,71.75,5,0.146562,-0.0258619,5.4694e-12
1436,71.8,5,0.146659,-0.026708,6.16929e-12
1437,71.85,5,0.146757,-0.0274643,6.36113e-12
1438,71.9,5,0.146856,-0.0281284,6.08047e-12
1439,71.95,5,0.146954,-0.0286981,5.96145e-12
1440,72.,5,0.147051,-0.0291715,5.64349e-12
1441,72.05,5,0.147145,-0.029547,6.07159e-12
1442,72.1,5,0.147235,-0.0298235,5.75895e-12
1443,72.15,5,0.147321,-0.0300002,5.91349e-12
1444,72.2,5,0.1474,-0.0300765,6.2208e-12
1445,72.25,5,0.147472,-0.0300522,5.83711e-12
1446,72.3,5,0.147537,-0.0299275,5.68434e-12
1447,72.35,5,0.147593,-0.029703,5.91704e-12
1448,72.4,5,0.14764,-0.0293793,6.24567e-12
1449,72.45,5,0.147677,-0.0289575,6.09113e-12
1450,72.5,5,0.147705,-0.0284391,5.95612e-12
1451,72.55,5,0.147722,-0.0278258,6.1533e-12
1452,72.6,5,0.147728,-0.0271195,5.96501e-12
1453,72.65,5,0.147724,-0.0263225,6.04139e-12
1454,72.7,5,0.14771,-0.0254373,6.15508e-12
1455,72.75,5,0.147686,-0.0244665,6.37002e-12
1456,72.8,5,0.147652,-0.0234133,6.05027e-12
1457,72.85,5,0.147609,-0.0222808,6.20659e-12
1458,72.9,5,0.147558,-0.0210726,6.29008e-12
1459,72.95,5,0.147499,-0.0197923,6.33271e-12
1460,73.,5,0.147433,-0.0184437,6.40554e-12
1461,73.05,5,0.147361,-0.017031,5.99698e-12
1462,73.1,5,0.147285,-0.0155585,6.62581e-12
1463,73.15,5,0.147204,-0.0140306,6.14975e-12
1464,73.2,5,0.147121,-0.0124518,6.43396e-12
1465,73.25,5,0.147036,-0.0108271,6.16218e-12
1466,73.3,5,0.14695,-0.00916124,6.33449e-12
1467,73.35,5,0.146866,-0.00745938,6.33804e-12
1468,73.4,5,0.146783,-0.0057267,6.51923e-12
1469,73.45,5,0.146703,-0.00396854,6.30074e-12
1470,73.5,5,0.146627,-0.00219033,6.39133e-12
1471,73.55,5,0.146556,-0.00039761,5.90106e-12
1472,73.6,5,0.146491,0.00140402,6.20304e-12
1473,73.65,5,0.146434,0.00320888,6.06981e-12
1474,73.7,5,0.146384,0.00501126,6.22968e-12
1475,73.75,5,0.146342,0.00680541,6.00231e-12
1476,73.8,5,0.14631,0.00858558,6.24922e-12
1477,73.85,5,0.146288,0.010346,5.81935e-12
1478,73.9,5,0.146275,0.012081,6.25811e-12
1479,73.95,5,0.146274,0.0137849,6.29541e-12
1480,74.,5,0.146282,0.0154521,6.32738e-12
1481,74.05,5,0.146301,0.017077,6.5441e-12
1482,74.1,5,0.146331,0.0186544,6.24922e-12
1483,74.15,5,0.146371,0.0201789,5.56533e-12
1484,74.2,5,0.146421,0.0216455,5.88862e-12
1485,74.25,5,0.14648,0.0230492,6.3487e-12
1486,74.3,5,0.146548,0.0243854,6.38067e-12
1487,74.35,5,0.146623,0.0256496,6.40732e-12
1488,74.4,5,0.146706,0.0268374,6.01119e-12
1489,74.45,5,0.146795,0.027945,6.3185e-12
1490,74.5,5,0.146889,0.0289685,6.14264e-12
1491,74.55,5,0.146987,0.0299047,5.59908e-12
1492,74.6,5,0.147088,0.0307502,6.17106e-12
1493,74.65,5,0.14719,0.0315025,6.59384e-12
1494,74.7,5,0.147293,0.0321589,6.01297e-12
1495,74.75,5,0.147394,0.0327174,6.1533e-12
1496,74.8,5,0.147493,0.0331762,6.14619e-12
1497,74.85,5,0.147589,0.0335338,6.5743e-12
1498,74.9,5,0.14768,0.0337893,5.94191e-12
1499,74.95,5,0.147765,0.0339417,5.57066e-12
1500,75.,5,0.147843,0.0339909,5.75007e-12
1501,75.05,5,0.147914,0.0339367,6.13021e-12
1502,75.1,5,0.147975,0.0337794,6.19949e-12
1503,75.15,5,0.148027,0.0335197,6.02896e-12
1504,75.2,5,0.14807,0.0331584,5.84066e-12
1505,75.25,5,0.148101,0.032697,6.30074e-12
1506,75.3,5,0.148122,0.0321369,5.97566e-12
1507,75.35,5,0.148132,0.03148,6.51212e-12
1508,75.4,5,0.14813,0.0307284,5.92237e-12
1509,75.45,5,0.148118,0.0298846,6.22613e-12
1510,75.5,5,0.148095,0.0289513,5.75007e-12
1511,75.55,5,0.148061,0.0279313,6.0183e-12
1512,75.6,5,0.148018,0.026828,5.68434e-12
1513,75.65,5,0.147965,0.0256445,6.24212e-12
1514,75.7,5,0.147903,0.0243848,6.5512e-12
1515,75.75,5,0.147834,0.0230525,6.19238e-12
1516,75.8,5,0.147758,0.0216517,6.14975e-12
1517,75.85,5,0.147676,0.0201868,6.43396e-12
1518,75.9,5,0.147589,0.0186621,6.05382e-12
1519,75.95,5,0.147499,0.0170823,5.80336e-12
1520,76.,5,0.147406,0.0154522,5.92415e-12
1521,76.05,5,0.147312,0.0137767,6.7093e-12
1522,76.1,5,0.147218,0.012061,5.78737e-12
1523,76.15,5,0.147126,0.0103102,5.89395e-12
1524,76.2,5,0.147035,0.00852975,6.37712e-12
1525,76.25,5,0.146949,0.00672515,6.16751e-12
1526,76.3,5,0.146867,0.00490199,6.0858e-12
1527,76.35,5,0.146791,0.00306595,5.96501e-12
1528,76.4,5,0.146722,0.0012228,6.27765e-12
1529,76.45,5,0.146661,-0.000621626,6.17284e-12
1530,76.5,5,0.146608,-0.00246148,5.90639e-12
1531,76.55,5,0.146565,-0.00429088,5.78559e-12
1532,76.6,5,0.146532,-0.00610393,6.37357e-12
1533,76.65,5,0.146509,-0.00789477,6.71818e-12
1534,76.7,5,0.146497,-0.00965758,6.14087e-12
1535,76.75,5,0.146495,-0.0113866,6.2208e-12
1536,76.8,5,0.146505,-0.0130761,5.83356e-12
1537,76.85,5,0.146526,-0.0147205,6.48726e-12
1538,76.9,5,0.146558,-0.0163144,5.6648e-12
1539,76.95,5,0.1466,-0.0178524,6.33449e-12
1540,77.,5,0.146653,-0.0193294,5.91882e-12
1541,77.05,5,0.146715,-0.0207406,6.50857e-12
1542,77.1,5,0.146785,-0.0220811,5.87796e-12
1543,77.15,5,0.146864,-0.0233464,5.73586e-12
1544,77.2,5,0.14695,-0.0245324,6.40021e-12
1545,77.25,5,0.147041,-0.025635,5.94547e-12
1546,77.3,5,0.147138,-0.0266507,6.21014e-12
1547,77.35,5,0.147238,-0.0275759,6.60449e-12
1548,77.4,5,0.147341,-0.0284077,6.3487e-12
1549,77.45,5,0.147444,-0.0291433,6.71996e-12
1550,77.5,5,0.147548,-0.0297804,6.10001e-12
1551,77.55,5,0.14765,-0.0303169,6.30074e-12
1552,77.6,5,0.147749,-0.0307512,6.26876e-12
1553,77.65,5,0.147845,-0.031082,5.9579e-12
1554,77.7,5,0.147935,-0.0313083,6.57963e-12
1555,77.75,5,0.148018,-0.0314295,5.89928e-12
1556,77.8,5,0.148095,-0.0314454,6.30074e-12
1557,77.85,5,0.148163,-0.0313561,5.85132e-12
1558,77.9,5,0.148222,-0.0311621,6.22613e-12
1559,77.95,5,0.148271,-0.0308641,6.50857e-12
1560,78.,5,0.14831,-0.0304632,6.31317e-12
1561,78.05,5,0.148338,-0.0299609,5.81046e-12
1562,78.1,5,0.148355,-0.0293588,5.80691e-12
1563,78.15,5,0.14836,-0.0286591,6.18705e-12
1564,78.2,5,0.148354,-0.027864,6.15685e-12
1565,78.25,5,0.148336,-0.026976,6.11244e-12
1566,78.3,5,0.148308,-0.0259981,6.32561e-12
1567,78.35,5,0.148269,-0.0249332,6.10711e-12
1568,78.4,5,0.148221,-0.0237848,6.25455e-12
1569,78.45,5,0.148163,-0.0225564,6.0858e-12
1570,78.5,5,0.148096,-0.0212518,6.11067e-12
1571,78.55,5,0.148022,-0.019875,5.88329e-12
1572,78.6,5,0.147941,-0.0184302,5.85665e-12
1573,78.65,5,0.147855,-0.0169218,6.61693e-12
1574,78.7,5,0.147764,-0.0153545,5.81579e-12
1575,78.75,5,0.14767,-0.0137329,6.39844e-12
1576,78.8,5,0.147574,-0.012062,5.97566e-12
1577,78.85,5,0.147478,-0.0103468,5.9952e-12
1578,78.9,5,0.147382,-0.00859274,6.30962e-12
1579,78.95,5,0.147288,-0.00680501,5.96856e-12
1580,79.,5,0.147197,-0.00498917,5.80158e-12
1581,79.05,5,0.14711,-0.00315083,5.99876e-12
1582,79.1,5,0.147028,-0.0012957,6.24212e-12
1583,79.15,5,0.146953,0.000570394,6.16751e-12
1584,79.2,5,0.146885,0.00244159,5.86553e-12
1585,79.25,5,0.146826,0.00431197,6.16751e-12
1586,79.3,5,0.146776,0.00617555,6.07159e-12
1587,79.35,5,0.146735,0.00802639,6.29541e-12
1588,79.4,5,0.146705,0.00985849,5.21894e-12
1589,79.45,5,0.146685,0.0116659,6.16396e-12
1590,79.5,5,0.146677,0.0134428,6.46594e-12
1591,79.55,5,0.14668,0.0151833,5.81224e-12
1592,79.6,5,0.146695,0.0168816,6.73239e-12
1593,79.65,5,0.14672,0.0185322,6.43574e-12
1594,79.7,5,0.146757,0.0201296,5.89573e-12
1595,79.75,5,0.146804,0.0216684,6.3487e-12
1596,79.8,5,0.146861,0.0231436,6.30251e-12
1597,79.85,5,0.146928,0.0245501,5.5671e-12
1598,79.9,5,0.147004,0.0258833,6.33982e-12
1599,79.95,5,0.147087,0.0271387,6.29541e-12
1600,80.,5,0.147177,0.0283121,6.22435e-12
1601,80.05,5,0.147273,0.0293996,5.88507e-12
1602,80.1,5,0.147373,0.0303977,5.74119e-12
1603,80.15,5,0.147477,0.0313029,5.69855e-12
1604,80.2,5,0.147582,0.0321124,5.98099e-12
1605,80.25,5,0.147688,0.0328235,5.80869e-12
1606,80.3,5,0.147793,0.033434,5.87796e-12
1607,80.35,5,0.147896,0.0339419,6.15508e-12
1608,80.4,5,0.147996,0.0343457,5.96856e-12
1609,80.45,5,0.148091,0.0346442,6.38956e-12
1610,80.5,5,0.14818,0.0348367,5.61684e-12
1611,80.55,5,0.148262,0.0349226,6.20481e-12
1612,80.6,5,0.148335,0.0349018,6.64002e-12
1613,80.65,5,0.1484,0.0347747,6.29186e-12
1614,80.7,5,0.148455,0.0345418,6.14087e-12
1615,80.75,5,0.148499,0.034204,5.90106e-12
1616,80.8,5,0.148533,0.0337625,6.50502e-12
1617,80.85,5,0.148554,0.0332191,6.942e-12
1618,80.9,5,0.148565,0.0325754,6.16929e-12
1619,80.95,5,0.148563,0.0318337,5.85132e-12
1620,81.,5,0.14855,0.0309965,6.13198e-12
1621,81.05,5,0.148525,0.0300664,5.61151e-12
1622,81.1,5,0.148489,0.0290465,5.83178e-12
1623,81.15,5,0.148442,0.0279399,6.41442e-12
1624,81.2,5,0.148386,0.0267501,5.76783e-12
1625,81.25,5,0.14832,0.0254808,5.90816e-12
1626,81.3,5,0.148246,0.024136,6.41798e-12
1627,81.35,5,0.148164,0.0227198,6.60094e-12
1628,81.4,5,0.148076,0.0212365,5.96678e-12
1629,81.45,5,0.147983,0.0196906,6.59739e-12
1630,81.5,5,0.147886,0.0180869,5.97211e-12
1631,81.55,5,0.147786,0.0164303,5.96856e-12
1632,81.6,5,0.147684,0.0147257,6.79279e-12
1633,81.65,5,0.147583,0.0129784,6.47482e-12
1634,81.7,5,0.147482,0.0111937,6.3789e-12
1635,81.75,5,0.147384,0.00937716,6.38067e-12
1636,81.8,5,0.14729,0.0075343,6.5068e-12
1637,81.85,5,0.1472,0.00567087,6.21725e-12
1638,81.9,5,0.147116,0.00379268,6.13909e-12
1639,81.95,5,0.147039,0.00190562,6.60805e-12
1640,82.,5,0.146971,1.5651e-05,6.18883e-12
1641,82.05,5,0.146911,-0.00187123,5.76961e-12
1642,82.1,5,0.14686,-0.00374899,6.13554e-12
1643,82.15,5,0.146821,-0.0056116,6.41087e-12
1644,82.2,5,0.146792,-0.00745303,6.14975e-12
1645,82.25,5,0.146774,-0.0092673,6.43574e-12
1646,82.3,5,0.146767,-0.0110485,6.26343e-12
1647,82.35,5,0.146773,-0.0127907,5.96145e-12
1648,82.4,5,0.14679,-0.0144882,6.15508e-12
1649,82.45,5,0.146818,-0.0161354,6.07514e-12
1650,82.5,5,0.146858,-0.0177269,5.91349e-12
1651,82.55,5,0.146908,-0.0192572,6.25988e-12
1652,82.6,5,0.146968,-0.0207213,6.31672e-12
1653,82.65,5,0.147038,-0.0221143,6.56541e-12
1654,82.7,5,0.147116,-0.0234316,6.33982e-12
1655,82.75,5,0.147201,-0.0246687,5.94369e-12
1656,82.8,5,0.147293,-0.0258215,5.9952e-12
1657,82.85,5,0.147391,-0.0268863,6.03251e-12
1658,82.9,5,0.147492,-0.0278594,6.11777e-12
1659,82.95,5,0.147597,-0.0287377,6.87095e-12
1660,83.,5,0.147702,-0.0295184,6.36291e-12
1661,83.05,5,0.147808,-0.0301989,6.25633e-12
1662,83.1,5,0.147913,-0.0307771,6.25633e-12
1663,83.15,5,0.148015,-0.0312512,5.84244e-12
1664,83.2,5,0.148113,-0.0316199,5.69855e-12
1665,83.25,5,0.148207,-0.031882,6.17284e-12
1666,83.3,5,0.148293,-0.032037,5.61684e-12
1667,83.35,5,0.148373,-0.0320845,6.37357e-12
1668,83.4,5,0.148444,-0.0320245,6.04672e-12
1669,83.45,5,0.148505,-0.0318574,6.32916e-12
1670,83.5,5,0.148557,-0.0315841,6.25811e-12
1671,83.55,5,0.148598,-0.0312055,6.23146e-12
1672,83.6,5,0.148627,-0.030723,6.38245e-12
1673,83.65,5,0.148645,-0.0301384,6.30962e-12
1674,83.7,5,0.148651,-0.0294537,5.9508e-12
1675,83.75,5,0.148646,-0.0286712,6.16929e-12
1676,83.8,5,0.148628,-0.0277934,5.7252e-12
1677,83.85,5,0.1486,-0.0268232,6.08402e-12
1678,83.9,5,0.14856,-0.0257637,5.65947e-12
1679,83.95,5,0.14851,-0.0246182,6.14264e-12
1680,84.,5,0.148449,-0.0233904,6.14797e-12
1681,84.05,5,0.14838,-0.022084,6.46594e-12
1682,84.1,5,0.148303,-0.020703,6.10534e-12
1683,84.15,5,0.148219,-0.0192518,5.85132e-12
1684,84.2,5,0.148129,-0.0177348,6.07159e-12
1685,84.25,5,0.148034,-0.0161566,6.14619e-12
1686,84.3,5,0.147935,-0.0145219,6.43929e-12
1687,84.35,5,0.147835,-0.0128359,6.16573e-12
1688,84.4,5,0.147733,-0.0111036,6.0858e-12
1689,84.45,5,0.147632,-0.00933033,6.32561e-12
1690,84.5,5,0.147532,-0.00752149,5.77494e-12
1691,84.55,5,0.147435,-0.00568266,6.38423e-12
1692,84.6,5,0.147342,-0.00381952,6.43219e-12
1693,84.65,5,0.147255,-0.00193787,6.35225e-12
1694,84.7,5,0.147174,-4.35833e-05,5.83178e-12
1695,84.75,5,0.147101,0.00185737,6.25633e-12
1696,84.8,5,0.147036,0.00375899,6.13021e-12
1697,84.85,5,0.14698,0.00565521,5.73586e-12
1698,84.9,5,0.146934,0.00753997,6.43574e-12
1699,84.95,5,0.146899,0.00940719,5.64526e-12
1700,85.,5,0.146874,0.0112508,5.85842e-12
1701,85.05,5,0.146862,0.0130649,6.66134e-12
1702,85.1,5,0.146861,0.0148434,6.14797e-12
1703,85.15,5,0.146871,0.0165805,6.39666e-12
1704,85.2,5,0.146893,0.0182704,6.17817e-12
1705,85.25,5,0.146927,0.0199077,6.34159e-12
1706,85.3,5,0.146972,0.0214867,6.11422e-12
1707,85.35,5,0.147027,0.0230023,6.3558e-12
1708,85.4,5,0.147092,0.0244494,6.57252e-12
1709,85.45,5,0.147166,0.0258232,5.86553e-12
1710,85.5,5,0.147249,0.027119,5.98632e-12
1711,85.55,5,0.147339,0.0283326,5.81046e-12
1712,85.6,5,0.147434,0.02946,6.50857e-12
1713,85.65,5,0.147535,0.0304972,5.9952e-12
1714,85.7,5,0.147639,0.0314411,5.99698e-12
1715,85.75,5,0.147746,0.0322885,5.58842e-12
1716,85.8,5,0.147853,0.0330366,6.18883e-12
1717,85.85,5,0.14796,0.0336831,5.72875e-12
1718,85.9,5,0.148066,0.034226,6.09646e-12
1719,85.95,5,0.148168,0.0346637,6.04317e-12
1720,86.,5,0.148265,0.0349948,5.66835e-12
1721,86.05,5,0.148356,0.0352185,6.24745e-12
1722,86.1,5,0.148441,0.0353342,6.67733e-12
1723,86.15,5,0.148517,0.0353418,6.73772e-12
1724,86.2,5,0.148584,0.0352414,5.94369e-12
1725,86.25,5,0.148642,0.0350336,5.95257e-12
1726,86.3,5,0.148689,0.0347194,5.97034e-12
1727,86.35,5,0.148724,0.0342997,6.00942e-12
1728,86.4,5,0.148748,0.0337763,6.40732e-12
1729,86.45,5,0.14876,0.033151,6.59561e-12
1730,86.5,5,0.14876,0.0324258,6.11777e-12
1731,86.55,5,0.148747,0.0316033,6.3558e-12
1732,86.6,5,0.148723,0.0306861,6.0858e-12
1733,86.65,5,0.148688,0.0296772,6.36824e-12
1734,86.7,5,0.148641,0.0285797,5.90994e-12
1735,86.75,5,0.148584,0.0273972,5.46407e-12
1736,86.8,5,0.148518,0.0261334,6.16573e-12
1737,86.85,5,0.148442,0.0247922,6.89759e-12
1738,86.9,5,0.148359,0.0233777,5.93658e-12
1739,86.95,5,0.148269,0.0218943,6.28475e-12
1740,87.,5,0.148173,0.0203465,6.60449e-12
1741,87.05,5,0.148074,0.018739,6.11422e-12
1742,87.1,5,0.147971,0.0170768,6.14619e-12
1743,87.15,5,0.147866,0.015365,6.2883e-12
1744,87.2,5,0.147761,0.0136086,6.27765e-12
1745,87.25,5,0.147656,0.0118132,5.82112e-12
1746,87.3,5,0.147554,0.00998419,6.32738e-12
1747,87.35,5,0.147455,0.00812725,6.49791e-12
1748,87.4,5,0.147361,0.00624812,5.82645e-12
1749,87.45,5,0.147273,0.00435266,5.47296e-12
1750,87.5,5,0.147192,0.00244682,6.36646e-12
1751,87.55,5,0.147118,0.000536607,5.91704e-12
1752,87.6,5,0.147054,-0.00137192,6.2137e-12
1753,87.65,5,0.146999,-0.00327268,6.08047e-12
1754,87.7,5,0.146955,-0.00515956,6.27942e-12
1755,87.75,5,0.146922,-0.00702647,5.65414e-12
1756,87.8,5,0.1469,-0.00886734,6.251e-12
1757,87.85,5,0.14689,-0.0106762,5.6577e-12
1758,87.9,5,0.146892,-0.012447,6.00764e-12
1759,87.95,5,0.146906,-0.0141741,5.98988e-12
1760,88.,5,0.146931,-0.0158515,6.38067e-12
1761,88.05,5,0.146968,-0.0174739,6.53166e-12
1762,88.1,5,0.147016,-0.0190358,6.37002e-12
1763,88.15,5,0.147074,-0.020532,6.27409e-12
1764,88.2,5,0.147142,-0.0219574,6.00942e-12
1765,88.25,5,0.147218,-0.0233075,6.56897e-12
1766,88.3,5,0.147303,-0.0245775,6.03251e-12
1767,88.35,5,0.147394,-0.0257633,5.96856e-12
1768,88.4,5,0.147492,-0.0268611,6.06093e-12
1769,88.45,5,0.147593,-0.027867,5.80513e-12
1770,88.5,5,0.147698,-0.028778,6.00409e-12
1771,88.55,5,0.147805,-0.0295909,5.87264e-12
1772,88.6,5,0.147912,-0.0303033,6.29186e-12
1773,88.65,5,0.148018,-0.0309128,5.97389e-12
1774,88.7,5,0.148122,-0.0314177,5.64171e-12
1775,88.75,5,0.148222,-0.0318163,5.9206e-12
1776,88.8,5,0.148317,-0.0321077,6.32561e-12
1777,88.85,5,0.148406,-0.032291,6.4837e-12
1778,88.9,5,0.148487,-0.0323658,6.26699e-12
1779,88.95,5,0.148561,-0.0323322,5.88329e-12
1780,89.,5,0.148625,-0.0321904,5.83711e-12
1781,89.05,5,0.148679,-0.0319411,6.62048e-12
1782,89.1,5,0.148722,-0.0315854,6.30429e-12
1783,89.15,5,0.148753,-0.0311246,6.07159e-12
1784,89.2,5,0.148773,-0.0305604,6.53166e-12
1785,89.25,5,0.148782,-0.0298946,6.16218e-12
1786,89.3,5,0.148778,-0.0291297,6.17817e-12
1787,89.35,5,0.148762,-0.0282681,6.35936e-12
1788,89.4,5,0.148734,-0.0273127,5.92593e-12
1789,89.45,5,0.148695,-0.0262665,5.86553e-12
1790,89.5,5,0.148646,-0.0251328,6.43396e-12
1791,89.55,5,0.148586,-0.0239153,6.05738e-12
1792,89.6,5,0.148517,-0.0226176,6.05205e-12
1793,89.65,5,0.148439,-0.0212439,5.9881e-12
1794,89.7,5,0.148354,-0.0197984,6.5512e-12
1795,89.75,5,0.148263,-0.0182855,6.09646e-12
1796,89.8,5,0.148167,-0.0167099,6.45173e-12
1797,89.85,5,0.148067,-0.0150763,6.02363e-12
1798,89.9,5,0.147964,-0.0133897,6.05027e-12
1799,89.95,5,0.14786,-0.0116553,6.15508e-12
1800,90.,5,0.147756,-0.00987844,6.13731e-12
1801,90.05,5,0.147654,-0.00806444,6.12665e-12
1802,90.1,5,0.147554,-0.00621893,5.78737e-12
1803,90.15,5,0.147458,-0.00434761,6.0485e-12
1804,90.2,5,0.147367,-0.00245628,6.52456e-12
1805,90.25,5,0.147283,-0.000550862,5.8229e-12
1806,90.3,5,0.147206,0.00136266,5.71809e-12
1807,90.35,5,0.147137,0.00327825,6.03961e-12
1808,90.4,5,0.147077,0.0051898,5.93658e-12
1809,90.45,5,0.147028,0.00709121,5.64349e-12
1810,90.5,5,0.146989,0.00897636,6.26343e-12
1811,90.55,5,0.146961,0.0108391,6.11777e-12
1812,90.6,5,0.146945,0.0126735,5.83e-12
1813,90.65,5,0.146941,0.0144734,6.07514e-12
1814,90.7,5,0.146948,0.016233,6.10711e-12
1815,90.75,5,0.146967,0.0179465,5.99698e-12
1816,90.8,5,0.146998,0.019608,6.01652e-12
1817,90.85,5,0.147041,0.0212123,5.45519e-12
1818,90.9,5,0.147094,0.0227538,6.28297e-12
1819,90.95,5,0.147157,0.0242275,6.68621e-12
1820,91.,5,0.147229,0.0256285,6.6791e-12
1821,91.05,5,0.14731,0.026952,5.87441e-12
1822,91.1,5,0.147399,0.0281936,6.30251e-12
1823,91.15,5,0.147494,0.0293493,6.60805e-12
1824,91.2,5,0.147594,0.0304153,6.31672e-12
1825,91.25,5,0.147699,0.0313879,5.79448e-12
1826,91.3,5,0.147806,0.032264,6.30962e-12
1827,91.35,5,0.147914,0.0330409,6.34515e-12
1828,91.4,5,0.148022,0.0337159,6.20659e-12
1829,91.45,5,0.148128,0.0342872,5.79092e-12
1830,91.5,5,0.148231,0.0347528,6.30962e-12
1831,91.55,5,0.14833,0.0351115,6.30784e-12
1832,91.6,5,0.148424,0.0353623,5.81402e-12
1833,91.65,5,0.14851,0.0355045,6.45173e-12
1834,91.7,5,0.148589,0.035538,6.44818e-12
1835,91.75,5,0.148658,0.0354628,6.16751e-12
1836,91.8,5,0.148718,0.0352794,6.49258e-12
1837,91.85,5,0.148767,0.0349886,6.672e-12
1838,91.9,5,0.148805,0.0345915,5.83533e-12
1839,91.95,5,0.148831,0.0340897,5.94191e-12
1840,92.,5,0.148845,0.033485,6.36113e-12
1841,92.05,5,0.148847,0.0327794,6.51923e-12
1842,92.1,5,0.148837,0.0319753,6.43574e-12
1843,92.15,5,0.148815,0.0310753,6.20659e-12
1844,92.2,5,0.148781,0.0300824,5.94724e-12
1845,92.25,5,0.148736,0.0289998,5.98277e-12
1846,92.3,5,0.14868,0.027831,5.8904e-12
1847,92.35,5,0.148614,0.0265794,6.24034e-12
1848,92.4,5,0.148539,0.0252492,6.42331e-12
1849,92.45,5,0.148456,0.0238444,5.7927e-12
1850,92.5,5,0.148366,0.0223693,6.06981e-12
1851,92.55,5,0.14827,0.0208284,5.72342e-12
1852,92.6,5,0.148169,0.0192265,6.29896e-12
1853,92.65,5,0.148065,0.0175685,6.07514e-12
1854,92.7,5,0.147959,0.0158593,6.11955e-12
1855,92.75,5,0.147853,0.0141043,5.82112e-12
1856,92.8,5,0.147746,0.0123088,6.0183e-12
1857,92.85,5,0.147642,0.0104783,6.0485e-12
1858,92.9,5,0.147541,0.00861841,5.75184e-12
1859,92.95,5,0.147444,0.00673492,5.91527e-12
1860,93.,5,0.147353,0.00483369,6.44107e-12
1861,93.05,5,0.147269,0.00292067,6.26521e-12
1862,93.1,5,0.147193,0.00100189,6.13731e-12
1863,93.15,5,0.147125,-0.000916574,6.34159e-12
1864,93.2,5,0.147068,-0.0028286,6.23324e-12
1865,93.25,5,0.14702,-0.00472807,5.92415e-12
1866,93.3,5,0.146984,-0.00660885,6.31317e-12
1867,93.35,5,0.146959,-0.00846483,6.35225e-12
1868,93.4,5,0.146945,-0.01029,6.36113e-12
1869,93.45,5,0.146944,-0.0120783,6.11955e-12
1870,93.5,5,0.146955,-0.0138239,6.25811e-12
1871,93.55,5,0.146978,-0.015521,6.40732e-12
1872,93.6,5,0.147012,-0.017164,6.31672e-12
1873,93.65,5,0.147057,-0.0187474,6.86384e-12
1874,93.7,5,0.147113,-0.0202659,6.62403e-12
1875,93.75,5,0.147179,-0.0217145,6.27587e-12
1876,93.8,5,0.147254,-0.0230884,6.29896e-12
1877,93.85,5,0.147337,-0.0243829,6.08225e-12
1878,93.9,5,0.147428,-0.0255937,5.98632e-12
1879,93.95,5,0.147524,-0.026717,5.94369e-12
1880,94.,5,0.147625,-0.0277488,5.91882e-12
1881,94.05,5,0.14773,-0.0286859,5.5298e-12
1882,94.1,5,0.147837,-0.0295252,5.64704e-12
1883,94.15,5,0.147944,-0.030264,5.73941e-12
1884,94.2,5,0.148051,-0.0309001,6.07692e-12
1885,94.25,5,0.148156,-0.0314314,6.29718e-12
1886,94.3,5,0.148257,-0.0318564,6.05738e-12
1887,94.35,5,0.148354,-0.0321738,6.54943e-12
1888,94.4,5,0.148445,-0.0323829,6.00231e-12
1889,94.45,5,0.148528,-0.0324831,5.81579e-12
1890,94.5,5,0.148604,-0.0324744,5.61862e-12
1891,94.55,5,0.14867,-0.032357,6.13554e-12
1892,94.6,5,0.148726,-0.0321315,6.13731e-12
1893,94.65,5,0.148771,-0.0317989,6.03251e-12
1894,94.7,5,0.148806,-0.0313605,6.16751e-12
1895,94.75,5,0.148828,-0.0308179,6.64002e-12
1896,94.8,5,0.148838,-0.030173,6.69154e-12
1897,94.85,5,0.148837,-0.0294279,6.25811e-12
1898,94.9,5,0.148823,-0.0285853,5.94014e-12
1899,94.95,5,0.148797,-0.0276478,6.60627e-12
1900,95.,5,0.14876,-0.0266185,6.15685e-12
1901,95.05,5,0.148712,-0.0255006,6.46061e-12
1902,95.1,5,0.148654,-0.0242978,6.05205e-12
1903,95.15,5,0.148586,-0.0230138,6.43041e-12
1904,95.2,5,0.148509,-0.0216525,6.20304e-12
1905,95.25,5,0.148425,-0.0202182,5.50848e-12
1906,95.3,5,0.148334,-0.0187152,6.23857e-12
1907,95.35,5,0.148238,-0.0171483,5.695e-12
1908,95.4,5,0.148137,-0.0155222,6.14442e-12
1909,95.45,5,0.148034,-0.0138417,6.30784e-12
1910,95.5,5,0.147929,-0.0121122,6.34159e-12
1911,95.55,5,0.147824,-0.0103387,6.55831e-12
1912,95.6,5,0.14772,-0.00852688,6.10179e-12
1913,95.65,5,0.147618,-0.00668215,6.32738e-12
1914,95.7,5,0.147521,-0.00481024,5.91704e-12
1915,95.75,5,0.147428,-0.00291696,6.2883e-12
1916,95.8,5,0.147341,-0.00100821,6.18172e-12
1917,95.85,5,0.147261,0.000910007,6.2137e-12
1918,95.9,5,0.14719,0.00283164,6.5068e-12
1919,95.95,5,0.147128,0.0047506,6.22791e-12
1920,96.,5,0.147075,0.00666074,6.36291e-12
1921,96.05,5,0.147034,0.00855593,6.3558e-12
1922,96.1,5,0.147003,0.01043,6.22791e-12
1923,96.15,5,0.146984,0.012277,6.41975e-12
1924,96.2,5,0.146976,0.0140907,6.28475e-12
1925,96.25,5,0.146981,0.0158653,6.24212e-12
1926,96.3,5,0.146997,0.0175949,5.71987e-12
1927,96.35,5,0.147026,0.0192737,6.08757e-12
1928,96.4,5,0.147065,0.0208962,5.99343e-12
1929,96.45,5,0.147116,0.0224569,6.10356e-12
1930,96.5,5,0.147177,0.0239508,6.30607e-12
1931,96.55,5,0.147248,0.0253727,6.03961e-12
1932,96.6,5,0.147327,0.026718,5.43565e-12
1933,96.65,5,0.147415,0.0279822,5.61684e-12
1934,96.7,5,0.147509,0.029161,6.50502e-12
1935,96.75,5,0.147608,0.0302506,5.79981e-12
1936,96.8,5,0.147712,0.0312474,6.34515e-12
1937,96.85,5,0.147819,0.0321481,5.88329e-12
1938,96.9,5,0.147927,0.0329498,6.24034e-12
1939,96.95,5,0.148035,0.03365,5.82645e-12
1940,97.,5,0.148142,0.0342465,6.3185e-12
1941,97.05,5,0.148247,0.0347374,6.35758e-12
1942,97.1,5,0.148347,0.0351214,6.12133e-12
1943,97.15,5,0.148442,0.0353973,5.4694e-12
1944,97.2,5,0.14853,0.0355646,6.3114e-12
1945,97.25,5,0.148611,0.0356227,6.04139e-12
1946,97.3,5,0.148683,0.0355719,5.8975e-12
1947,97.35,5,0.148745,0.0354124,5.84421e-12
1948,97.4,5,0.148796,0.0351451,5.86731e-12
1949,97.45,5,0.148836,0.0347709,6.23501e-12
1950,97.5,5,0.148865,0.0342914,6.0929e-12
1951,97.55,5,0.148882,0.0337083,6.00764e-12
1952,97.6,5,0.148886,0.0330236,6.14264e-12
1953,97.65,5,0.148878,0.0322395,6.30074e-12
1954,97.7,5,0.148858,0.0313588,5.90106e-12
1955,97.75,5,0.148826,0.0303843,6.10001e-12
1956,97.8,5,0.148783,0.0293192,6.13731e-12
1957,97.85,5,0.148729,0.0281667,6.98108e-12
1958,97.9,5,0.148665,0.0269306,6.23857e-12
1959,97.95,5,0.148591,0.0256148,6.06448e-12
1960,98.,5,0.148509,0.0242232,6.01297e-12
1961,98.05,5,0.14842,0.0227602,6.07159e-12
1962,98.1,5,0.148325,0.0212303,6.03428e-12
1963,98.15,5,0.148224,0.0196382,6.29896e-12
1964,98.2,5,0.14812,0.0179888,5.52447e-12
1965,98.25,5,0.148014,0.016287,5.62217e-12
1966,98.3,5,0.147906,0.014538,6.15152e-12
1967,98.35,5,0.147799,0.0127473,5.8602e-12
1968,98.4,5,0.147693,0.0109202,5.95257e-12
1969,98.45,5,0.147591,0.00906251,5.87086e-12
1970,98.5,5,0.147493,0.00717984,5.91527e-12
1971,98.55,5,0.1474,0.00527809,6.28297e-12
1972,98.6,5,0.147313,0.00336321,6.60627e-12
1973,98.65,5,0.147235,0.00144122,5.95257e-12
1974,98.7,5,0.147165,-0.000481799,6.36291e-12
1975,98.75,5,0.147104,-0.00239972,5.74474e-12
1976,98.8,5,0.147054,-0.00430641,6.51568e-12
1977,98.85,5,0.147015,-0.00619572,6.13554e-12
1978,98.9,5,0.146987,-0.00806154,5.68079e-12
1979,98.95,5,0.146971,-0.00989777,5.85132e-12
1980,99.,5,0.146967,-0.0116984,6.30962e-12
1981,99.05,5,0.146975,-0.0134575,6.08757e-12
1982,99.1,5,0.146995,-0.0151693,5.80691e-12
1983,99.15,5,0.147026,-0.0168281,6.22435e-12
1984,99.2,5,0.147069,-0.0184284,6.4464e-12
1985,99.25,5,0.147123,-0.0199648,6.11067e-12
1986,99.3,5,0.147187,-0.0214323,6.29896e-12
1987,99.35,5,0.14726,-0.0228259,6.27054e-12
1988,99.4,5,0.147342,-0.024141,5.58842e-12
1989,99.45,5,0.147431,-0.0253732,5.87974e-12
1990,99.5,5,0.147526,-0.0265184,6.33449e-12
1991,99.55,5,0.147627,-0.0275729,5.78382e-12
1992,99.6,5,0.147731,-0.0285331,6.12843e-12
1993,99.65,5,0.147838,-0.0293961,6.56009e-12
1994,99.7,5,0.147945,-0.0301589,6.48548e-12
1995,99.75,5,0.148052,-0.0308192,6.33982e-12
1996,99.8,5,0.148158,-0.031375,6.06093e-12
1997,99.85,5,0.14826,-0.0318245,5.83e-12
1998,99.9,5,0.148358,-0.0321666,6.33094e-12
1999,99.95,5,0.148451,-0.0324003,6.09823e-12
2000,100.,5,0.148536,-0.032525,6.18705e-12
2001,100.05,5,0.148613,-0.0325405,6.21547e-12
